id,certification_type,certification_number,standard_code,cert_body_name,status,issue_date,expiry_date,data_source,source_id,created_at,updated_at
b8e7d3f8-a620-4299-bf7f-f61a54d2422e,CE,CE-EU-001,,Notified Body 0123,active,,,EUDAMED,EU-001,2026-04-19T08:26:23.094Z,2026-04-19T08:26:23.094Z
fec856df-c4b8-443a-8c6a-9954795fdf7f,CE,CE-EU-002,,Notified Body 0123,active,,,EUDAMED,EU-002,2026-04-19T08:26:23.094Z,2026-04-19T08:26:23.094Z
03ffca65-1097-41ba-8831-a1555cd4bb94,CE,CE-EU-003,,Notified Body 0123,active,,,EUDAMED,EU-003,2026-04-19T08:26:23.094Z,2026-04-19T08:26:23.094Z
c2c2abcb-d6c9-434e-ab04-da6c3e8fd31a,CE,CE-EU-004,,Notified Body 0123,active,,,EUDAMED,EU-004,2026-04-19T08:26:23.094Z,2026-04-19T08:26:23.094Z
e4056347-f1e4-4c9d-b563-2590c462afe2,FDA,K902764,,U.S. Food and Drug Administration,pending,1990-06-25,,FDA,K902764,2026-04-19T08:26:23.095Z,2026-04-19T08:26:23.095Z
04bc9f10-0738-4186-ad41-2bb9f89e1089,FDA,K102923,,U.S. Food and Drug Administration,pending,2010-10-01,,FDA,K102923,2026-04-19T08:26:23.095Z,2026-04-19T08:26:23.095Z
9b954b7b-796b-47b9-90d7-f466728f9bcc,FDA,K070692,,U.S. Food and Drug Administration,pending,2007-03-13,,FDA,K070692,2026-04-19T08:26:23.095Z,2026-04-19T08:26:23.095Z
65cbbc45-cf4c-400b-b477-7e05d9b9e71d,FDA,DEN060009,,U.S. Food and Drug Administration,pending,2006-10-03,,FDA,DEN060009,2026-04-19T08:26:23.095Z,2026-04-19T08:26:23.095Z
dbdfd9d4-b029-4169-a6f5-8a41726bb819,FDA,K092824,,U.S. Food and Drug Administration,pending,2009-09-14,,FDA,K092824,2026-04-19T08:26:23.095Z,2026-04-19T08:26:23.095Z
65cd1d3d-607b-4bf7-a69f-66fafe33626f,FDA,K881808,,U.S. Food and Drug Administration,pending,1988-04-28,,FDA,K881808,2026-04-19T08:26:23.095Z,2026-04-19T08:26:23.095Z
d07abccb-0230-498c-bc75-5bb8b91cc6fd,FDA,K160271,,U.S. Food and Drug Administration,pending,2016-02-02,,FDA,K160271,2026-04-19T08:26:23.095Z,2026-04-19T08:26:23.095Z
2444f04b-39b3-4661-99ef-db6f30b8116e,FDA,K771039,,U.S. Food and Drug Administration,pending,1977-06-09,,FDA,K771039,2026-04-19T08:26:23.095Z,2026-04-19T08:26:23.095Z
a5ceb339-83c0-4bd2-b719-d28a07858089,FDA,K894649,,U.S. Food and Drug Administration,pending,1989-07-24,,FDA,K894649,2026-04-19T08:26:23.095Z,2026-04-19T08:26:23.095Z
6407c612-ce1d-4dfd-b204-2ab38151d0d7,FDA,K171116,,U.S. Food and Drug Administration,pending,2017-04-14,,FDA,K171116,2026-04-19T08:26:23.095Z,2026-04-19T08:26:23.095Z
f251e393-9ed2-4f2e-b6a7-6debf151ca98,FDA,K050193,,U.S. Food and Drug Administration,pending,2005-01-27,,FDA,K050193,2026-04-19T08:26:23.095Z,2026-04-19T08:26:23.095Z
b9cc650f-2dca-4346-8779-c03dbc5d613b,FDA,K862025,,U.S. Food and Drug Administration,pending,1986-05-28,,FDA,K862025,2026-04-19T08:26:23.095Z,2026-04-19T08:26:23.095Z
7112a239-c486-4824-9518-ea61b0c6ca8b,FDA,K802583,,U.S. Food and Drug Administration,pending,1980-10-20,,FDA,K802583,2026-04-19T08:26:23.095Z,2026-04-19T08:26:23.095Z
9afe732c-63ea-4b19-b426-7834403bec73,FDA,K864308,,U.S. Food and Drug Administration,pending,1986-11-03,,FDA,K864308,2026-04-19T08:26:23.095Z,2026-04-19T08:26:23.095Z
2db1ec48-c906-4649-aa3c-e3b8595a0ddc,FDA,K813198,,U.S. Food and Drug Administration,pending,1981-11-13,,FDA,K813198,2026-04-19T08:26:23.095Z,2026-04-19T08:26:23.095Z
ce8b5b90-68d8-4f6c-bd70-e7a5280a9ef0,FDA,K792515,,U.S. Food and Drug Administration,pending,1979-12-05,,FDA,K792515,2026-04-19T08:26:23.095Z,2026-04-19T08:26:23.095Z
c1b57533-961e-40ef-9c66-db4e561198f9,FDA,K081923,,U.S. Food and Drug Administration,pending,2008-07-07,,FDA,K081923,2026-04-19T08:26:23.095Z,2026-04-19T08:26:23.095Z
9c392f46-6550-4303-8b26-ae19e43b1d3d,FDA,K121069,,U.S. Food and Drug Administration,pending,2012-04-09,,FDA,K121069,2026-04-19T08:26:23.095Z,2026-04-19T08:26:23.095Z
eb5fb50a-75fc-4f2c-a4fb-b4b8273e6c61,FDA,K070782,,U.S. Food and Drug Administration,pending,2007-03-21,,FDA,K070782,2026-04-19T08:26:23.095Z,2026-04-19T08:26:23.095Z
0c22c191-3014-44fe-8848-afe404404816,FDA,K100139,,U.S. Food and Drug Administration,pending,2010-01-19,,FDA,K100139,2026-04-19T08:26:23.095Z,2026-04-19T08:26:23.095Z
12379205-ec24-4885-8bea-0dc0b1ee572d,FDA,K042267,,U.S. Food and Drug Administration,pending,2004-08-23,,FDA,K042267,2026-04-19T08:26:23.095Z,2026-04-19T08:26:23.095Z
1e054872-1a2c-4b1d-ad63-c37215f31a15,FDA,K102092,,U.S. Food and Drug Administration,pending,2010-07-27,,FDA,K102092,2026-04-19T08:26:23.095Z,2026-04-19T08:26:23.095Z
0db09c6e-df3c-4841-9b31-b6294eed5899,FDA,K063013,,U.S. Food and Drug Administration,pending,2006-10-02,,FDA,K063013,2026-04-19T08:26:23.095Z,2026-04-19T08:26:23.095Z
44a43f6f-98cf-4e5b-ae8e-e8bc89d941f4,FDA,K832176,,U.S. Food and Drug Administration,pending,1983-07-06,,FDA,K832176,2026-04-19T08:26:23.095Z,2026-04-19T08:26:23.095Z
9c3b98ec-3c25-4e55-92c0-ba13e9011af6,FDA,K070168,,U.S. Food and Drug Administration,pending,2007-01-18,,FDA,K070168,2026-04-19T08:26:23.095Z,2026-04-19T08:26:23.095Z
1451c499-f79c-435b-a401-9d114864c12c,FDA,K233022,,U.S. Food and Drug Administration,pending,2023-09-22,,FDA,K233022,2026-04-19T08:26:23.095Z,2026-04-19T08:26:23.095Z
c63dad2b-9f7d-40c7-8734-6c76ed23dc9c,FDA,K820720,,U.S. Food and Drug Administration,pending,1982-03-16,,FDA,K820720,2026-04-19T08:26:23.095Z,2026-04-19T08:26:23.095Z
e66573f5-c8db-4870-94c0-dc966f7068a1,FDA,K781161,,U.S. Food and Drug Administration,pending,1978-07-05,,FDA,K781161,2026-04-19T08:26:23.095Z,2026-04-19T08:26:23.095Z
c5183c64-a1f2-4ea9-8995-99f2b0f6484e,FDA,K020474,,U.S. Food and Drug Administration,pending,2002-02-12,,FDA,K020474,2026-04-19T08:26:23.095Z,2026-04-19T08:26:23.095Z
56ebe734-1615-4e3b-9afc-adcb80ed6aec,FDA,K201439,,U.S. Food and Drug Administration,pending,2020-06-01,,FDA,K201439,2026-04-19T08:26:23.095Z,2026-04-19T08:26:23.095Z
c281df19-089f-4109-adde-844d039f58f3,FDA,K792516,,U.S. Food and Drug Administration,pending,1979-12-05,,FDA,K792516,2026-04-19T08:26:23.095Z,2026-04-19T08:26:23.095Z
3b94ef31-9e53-4807-8df2-8790c0fbc08a,FDA,K771217,,U.S. Food and Drug Administration,pending,1977-07-05,,FDA,K771217,2026-04-19T08:26:23.095Z,2026-04-19T08:26:23.095Z
8e39a4ec-cda4-43b0-a925-478a2c3ed297,FDA,K872482,,U.S. Food and Drug Administration,pending,1987-06-23,,FDA,K872482,2026-04-19T08:26:23.095Z,2026-04-19T08:26:23.095Z
44e67599-5127-4627-aa79-1855138195c4,FDA,K120244,,U.S. Food and Drug Administration,pending,2012-01-27,,FDA,K120244,2026-04-19T08:26:23.095Z,2026-04-19T08:26:23.095Z
2cd0bdd9-d366-4f9b-b1ed-0e66166905ea,FDA,K964722,,U.S. Food and Drug Administration,pending,1996-11-25,,FDA,K964722,2026-04-19T08:26:23.095Z,2026-04-19T08:26:23.095Z
b3401bf7-d95d-40bd-aa3b-0d377d2a95a7,FDA,K880066,,U.S. Food and Drug Administration,pending,1988-01-11,,FDA,K880066,2026-04-19T08:26:23.095Z,2026-04-19T08:26:23.095Z
8cef6c9a-3f3a-46f4-bfe2-a37f5db96977,FDA,K072067,,U.S. Food and Drug Administration,pending,2007-07-27,,FDA,K072067,2026-04-19T08:26:23.095Z,2026-04-19T08:26:23.095Z
ff12394f-c9c1-445a-8467-b8c65e2fa67d,FDA,K093161,,U.S. Food and Drug Administration,pending,2009-10-06,,FDA,K093161,2026-04-19T08:26:23.095Z,2026-04-19T08:26:23.095Z
bd0bc76a-0232-415a-980d-9f72ea450851,FDA,K041855,,U.S. Food and Drug Administration,pending,2004-07-09,,FDA,K041855,2026-04-19T08:26:23.095Z,2026-04-19T08:26:23.095Z
3032259c-e24f-437e-8922-ac367948611d,FDA,K896735,,U.S. Food and Drug Administration,pending,1989-11-30,,FDA,K896735,2026-04-19T08:26:23.095Z,2026-04-19T08:26:23.095Z
eb07d542-cf4e-464d-8bd0-21504227edfb,FDA,K791527,,U.S. Food and Drug Administration,pending,1979-08-10,,FDA,K791527,2026-04-19T08:26:23.095Z,2026-04-19T08:26:23.095Z
968aaaac-6091-4a20-a6b2-5f73495c121f,FDA,K141876,,U.S. Food and Drug Administration,pending,2014-07-11,,FDA,K141876,2026-04-19T08:26:23.095Z,2026-04-19T08:26:23.095Z
dfca9226-3d89-4cbc-bdd6-9733c796f37a,FDA,K102173,,U.S. Food and Drug Administration,pending,2010-08-02,,FDA,K102173,2026-04-19T08:26:23.095Z,2026-04-19T08:26:23.095Z
ed67fea2-8ace-4cfc-9cc8-3dc60a4460d2,FDA,K172963,,U.S. Food and Drug Administration,pending,2017-09-26,,FDA,K172963,2026-04-19T08:26:23.095Z,2026-04-19T08:26:23.095Z
ed491674-2093-47c4-9956-4e5b184a8178,FDA,K974068,,U.S. Food and Drug Administration,pending,1997-10-28,,FDA,K974068,2026-04-19T08:26:23.095Z,2026-04-19T08:26:23.095Z
31999daa-7751-49cd-bfce-b429976684c3,FDA,K781706,,U.S. Food and Drug Administration,pending,1978-10-10,,FDA,K781706,2026-04-19T08:26:23.095Z,2026-04-19T08:26:23.095Z
e44a7044-c7de-40ae-9d32-41b28bb46109,FDA,K150729,,U.S. Food and Drug Administration,pending,2015-03-20,,FDA,K150729,2026-04-19T08:26:23.095Z,2026-04-19T08:26:23.095Z
92c1ee34-43a2-4142-b44c-7f0ca9fccd95,FDA,K082657,,U.S. Food and Drug Administration,pending,2008-09-12,,FDA,K082657,2026-04-19T08:26:23.095Z,2026-04-19T08:26:23.095Z
fa742fac-c651-4b41-bf11-ca04271e4dec,FDA,K791561,,U.S. Food and Drug Administration,pending,1979-08-15,,FDA,K791561,2026-04-19T08:26:23.095Z,2026-04-19T08:26:23.095Z
755e1e3f-87e4-40bf-b5f1-c56a4abbd737,FDA,K061375,,U.S. Food and Drug Administration,pending,2006-05-17,,FDA,K061375,2026-04-19T08:26:23.095Z,2026-04-19T08:26:23.095Z
dc85ea0d-c34a-41a3-8717-68ee824c10b9,FDA,K896736,,U.S. Food and Drug Administration,pending,1989-11-30,,FDA,K896736,2026-04-19T08:26:23.096Z,2026-04-19T08:26:23.096Z
4431c68f-6ba2-4631-8bfd-42c8f8a9eb57,FDA,K955382,,U.S. Food and Drug Administration,pending,1995-11-24,,FDA,K955382,2026-04-19T08:26:23.096Z,2026-04-19T08:26:23.096Z
1d617a98-136a-44e5-9a31-3a3432d9211b,FDA,K093189,,U.S. Food and Drug Administration,pending,2009-10-09,,FDA,K093189,2026-04-19T08:26:23.096Z,2026-04-19T08:26:23.096Z
dba67945-c20f-4f31-b42e-63db7f24bd97,FDA,K063023,,U.S. Food and Drug Administration,pending,2006-10-02,,FDA,K063023,2026-04-19T08:26:23.096Z,2026-04-19T08:26:23.096Z
739022e6-3ee5-41d9-8d2b-c462802332e5,FDA,K072290,,U.S. Food and Drug Administration,pending,2007-08-16,,FDA,K072290,2026-04-19T08:26:23.096Z,2026-04-19T08:26:23.096Z
215064ce-57d1-4d7b-bbc4-e73d69b0b9eb,FDA,K122702,,U.S. Food and Drug Administration,pending,2012-09-04,,FDA,K122702,2026-04-19T08:26:23.096Z,2026-04-19T08:26:23.096Z
535219a5-e1b3-4728-bd50-6882279b4aab,FDA,K892886,,U.S. Food and Drug Administration,pending,1989-04-19,,FDA,K892886,2026-04-19T08:26:23.096Z,2026-04-19T08:26:23.096Z
28252dc9-50d4-4025-a935-382f686def51,FDA,K070139,,U.S. Food and Drug Administration,pending,2007-01-16,,FDA,K070139,2026-04-19T08:26:23.096Z,2026-04-19T08:26:23.096Z
ebaa898d-9feb-4f7b-9fc6-a847514a3268,FDA,K002881,,U.S. Food and Drug Administration,pending,2000-09-15,,FDA,K002881,2026-04-19T08:26:23.096Z,2026-04-19T08:26:23.096Z
aea67f59-4b15-4415-a71a-862224d8f029,FDA,K912625,,U.S. Food and Drug Administration,pending,1991-06-13,,FDA,K912625,2026-04-19T08:26:23.096Z,2026-04-19T08:26:23.096Z
8e7e9850-9679-481c-9773-153568cc05d3,FDA,K871851,,U.S. Food and Drug Administration,pending,1987-05-12,,FDA,K871851,2026-04-19T08:26:23.096Z,2026-04-19T08:26:23.096Z
4c191507-6eb5-4569-88d4-d4ae46862602,FDA,K223696,,U.S. Food and Drug Administration,pending,2022-12-09,,FDA,K223696,2026-04-19T08:26:23.096Z,2026-04-19T08:26:23.096Z
3aaa1092-0437-471e-a6af-71d330fb965d,FDA,K222335,,U.S. Food and Drug Administration,pending,2022-08-03,,FDA,K222335,2026-04-19T08:26:23.096Z,2026-04-19T08:26:23.096Z
a559842f-2328-4161-b96e-ccd01ed6b253,FDA,K241520,,U.S. Food and Drug Administration,pending,2024-05-29,,FDA,K241520,2026-04-19T08:26:23.096Z,2026-04-19T08:26:23.096Z
e548d566-18b1-4db2-9a44-3eb45f003641,FDA,K913275,,U.S. Food and Drug Administration,pending,1991-07-23,,FDA,K913275,2026-04-19T08:26:23.096Z,2026-04-19T08:26:23.096Z
20a5a66d-1f23-487b-8b21-52441bd8dfc7,FDA,K222204,,U.S. Food and Drug Administration,pending,2022-07-25,,FDA,K222204,2026-04-19T08:26:23.096Z,2026-04-19T08:26:23.096Z
ab589bc0-8f3b-4146-b104-1770a63c49f1,FDA,K202794,,U.S. Food and Drug Administration,pending,2020-09-23,,FDA,K202794,2026-04-19T08:26:23.096Z,2026-04-19T08:26:23.096Z
f134774c-48b5-466e-9638-1573abbb4d87,FDA,K101130,,U.S. Food and Drug Administration,pending,2010-04-22,,FDA,K101130,2026-04-19T08:26:23.096Z,2026-04-19T08:26:23.096Z
603d8173-3f9b-43cb-9ce9-5be1fddf8c1d,FDA,K023284,,U.S. Food and Drug Administration,pending,2002-10-02,,FDA,K023284,2026-04-19T08:26:23.096Z,2026-04-19T08:26:23.096Z
7fd1ef29-690c-4978-88d3-7e320099d7f6,FDA,K203425,,U.S. Food and Drug Administration,pending,2020-11-20,,FDA,K203425,2026-04-19T08:26:23.096Z,2026-04-19T08:26:23.096Z
6379e0b4-86c8-4336-8b93-2e23082cb0f5,FDA,K251588,,U.S. Food and Drug Administration,pending,2025-05-23,,FDA,K251588,2026-04-19T08:26:23.096Z,2026-04-19T08:26:23.096Z
92715aba-265a-4c83-b718-f17edcf1532e,FDA,K211454,,U.S. Food and Drug Administration,pending,2021-05-10,,FDA,K211454,2026-04-19T08:26:23.096Z,2026-04-19T08:26:23.096Z
1b3ebb72-8a5a-47a4-838e-927bc21061f1,FDA,K231005,,U.S. Food and Drug Administration,pending,2023-04-07,,FDA,K231005,2026-04-19T08:26:23.096Z,2026-04-19T08:26:23.096Z
feb73dbc-4d5d-453c-b373-2a9c80d1c0aa,FDA,K241933,,U.S. Food and Drug Administration,pending,2024-07-02,,FDA,K241933,2026-04-19T08:26:23.096Z,2026-04-19T08:26:23.096Z
f9e51451-c91c-4bd8-9435-d3fd56a59de9,FDA,K903881,,U.S. Food and Drug Administration,pending,1990-08-22,,FDA,K903881,2026-04-19T08:26:23.096Z,2026-04-19T08:26:23.096Z
df21e8ec-0655-4b3f-9e1a-3cd233830f5f,FDA,K133009,,U.S. Food and Drug Administration,pending,2013-09-25,,FDA,K133009,2026-04-19T08:26:23.096Z,2026-04-19T08:26:23.096Z
fbbd5f3f-7f4b-4c12-9ab5-483afb725298,FDA,K970440,,U.S. Food and Drug Administration,pending,1997-02-05,,FDA,K970440,2026-04-19T08:26:23.096Z,2026-04-19T08:26:23.096Z
f80bd54e-58f1-4b1a-ab10-8c2d10ba88b3,FDA,K210391,,U.S. Food and Drug Administration,pending,2021-02-10,,FDA,K210391,2026-04-19T08:26:23.096Z,2026-04-19T08:26:23.096Z
214d97dd-cb88-4e90-84f1-e2c56a88373a,FDA,K093179,,U.S. Food and Drug Administration,pending,2009-10-08,,FDA,K093179,2026-04-19T08:26:23.096Z,2026-04-19T08:26:23.096Z
b8d07e71-c14b-4163-b968-c371ca640cee,FDA,K230617,,U.S. Food and Drug Administration,pending,2023-03-06,,FDA,K230617,2026-04-19T08:26:23.096Z,2026-04-19T08:26:23.096Z
2d39b006-9ae9-4036-b1f6-bcf893319803,FDA,K210150,,U.S. Food and Drug Administration,pending,2021-01-21,,FDA,K210150,2026-04-19T08:26:23.096Z,2026-04-19T08:26:23.096Z
fd26620a-bc6a-4a77-a6b3-5b30fb9e5c15,FDA,K891051,,U.S. Food and Drug Administration,pending,1989-02-27,,FDA,K891051,2026-04-19T08:26:23.096Z,2026-04-19T08:26:23.096Z
36f3ce66-af04-4756-92af-3f8a2304929f,FDA,K220777,,U.S. Food and Drug Administration,pending,2022-03-17,,FDA,K220777,2026-04-19T08:26:23.096Z,2026-04-19T08:26:23.096Z
1d007f8e-7c8f-4c1b-b47a-23353d4a0452,FDA,K201470,,U.S. Food and Drug Administration,pending,2020-06-03,,FDA,K201470,2026-04-19T08:26:23.096Z,2026-04-19T08:26:23.096Z
e0baca64-b3f1-444f-80a1-d09b450e00dd,FDA,K971229,,U.S. Food and Drug Administration,pending,1997-04-02,,FDA,K971229,2026-04-19T08:26:23.096Z,2026-04-19T08:26:23.096Z
871015e4-dc8d-462e-9681-4fa052fcc242,FDA,K102502,,U.S. Food and Drug Administration,pending,2010-09-01,,FDA,K102502,2026-04-19T08:26:23.096Z,2026-04-19T08:26:23.096Z
eb852791-5bc8-43b8-8dc7-560ec6085df0,FDA,K200983,,U.S. Food and Drug Administration,pending,2020-04-14,,FDA,K200983,2026-04-19T08:26:23.096Z,2026-04-19T08:26:23.096Z
6e02a1d6-573d-494a-b047-5e03bb45564b,FDA,K013421,,U.S. Food and Drug Administration,pending,2001-10-16,,FDA,K013421,2026-04-19T08:26:23.096Z,2026-04-19T08:26:23.096Z
6d05a017-adb9-415e-95fd-edadbe7e57a4,FDA,K031397,,U.S. Food and Drug Administration,pending,2003-05-02,,FDA,K031397,2026-04-19T08:26:23.096Z,2026-04-19T08:26:23.096Z
d0709602-c9ab-4822-80e7-a7863b6297a7,FDA,K021533,,U.S. Food and Drug Administration,pending,2002-05-10,,FDA,K021533,2026-04-19T08:26:23.096Z,2026-04-19T08:26:23.096Z
0a3ebf1f-4bc2-4849-9946-1d557d48879c,FDA,K233829,,U.S. Food and Drug Administration,pending,2023-12-01,,FDA,K233829,2026-04-19T08:26:23.096Z,2026-04-19T08:26:23.096Z
3442f146-1d79-431b-8975-404a2b350240,FDA,K092362,,U.S. Food and Drug Administration,pending,2009-08-04,,FDA,K092362,2026-04-19T08:26:23.096Z,2026-04-19T08:26:23.096Z
d024c2cf-5a41-4326-8922-6360d7516ba4,FDA,K071915,,U.S. Food and Drug Administration,pending,2007-07-11,,FDA,K071915,2026-04-19T08:26:23.096Z,2026-04-19T08:26:23.096Z
43f6bb08-c5a2-481a-b172-4a83a3b8fe29,FDA,K210813,,U.S. Food and Drug Administration,pending,2021-03-17,,FDA,K210813,2026-04-19T08:26:23.096Z,2026-04-19T08:26:23.096Z
1ed6e129-5e3a-465a-8afa-5ba9a4a71f95,FDA,K201137,,U.S. Food and Drug Administration,pending,2020-04-28,,FDA,K201137,2026-04-19T08:26:23.096Z,2026-04-19T08:26:23.096Z
012fce7a-5ae8-4c14-9baa-85adca07c897,FDA,K201624,,U.S. Food and Drug Administration,pending,2020-06-15,,FDA,K201624,2026-04-19T08:26:23.096Z,2026-04-19T08:26:23.096Z
35069bcc-4138-433d-aa51-ea9f302fbc35,FDA,K043199,,U.S. Food and Drug Administration,pending,2004-11-18,,FDA,K043199,2026-04-19T08:26:23.096Z,2026-04-19T08:26:23.096Z
6865d623-e0e9-4b58-a262-c963f3dee464,FDA,K221753,,U.S. Food and Drug Administration,pending,2022-06-16,,FDA,K221753,2026-04-19T08:26:23.096Z,2026-04-19T08:26:23.096Z
9215cde8-526d-4a0e-a230-b3604f84a5d0,FDA,K202214,,U.S. Food and Drug Administration,pending,2020-08-06,,FDA,K202214,2026-04-19T08:26:23.096Z,2026-04-19T08:26:23.096Z
8ee026a0-97ec-4f94-a7f7-9a873bb7ee7a,FDA,K223747,,U.S. Food and Drug Administration,pending,2022-12-14,,FDA,K223747,2026-04-19T08:26:23.096Z,2026-04-19T08:26:23.096Z
e3b20806-a3d8-4b05-b175-724bec1859be,FDA,K243225,,U.S. Food and Drug Administration,pending,2024-10-08,,FDA,K243225,2026-04-19T08:26:23.096Z,2026-04-19T08:26:23.096Z
cc70939d-0a26-4da2-9523-032c5b55f185,FDA,K023135,,U.S. Food and Drug Administration,pending,2002-09-20,,FDA,K023135,2026-04-19T08:26:23.096Z,2026-04-19T08:26:23.096Z
a7659412-8b16-4c57-b89b-aef18154385e,FDA,K223045,,U.S. Food and Drug Administration,pending,2022-09-29,,FDA,K223045,2026-04-19T08:26:23.096Z,2026-04-19T08:26:23.096Z
78b5ab81-2395-4768-ba08-0c303c3f0ee4,FDA,K010114,,U.S. Food and Drug Administration,pending,2001-01-16,,FDA,K010114,2026-04-19T08:26:23.096Z,2026-04-19T08:26:23.096Z
dd634097-a715-42ff-a66b-e6a7e5e0e2c8,FDA,K202580,,U.S. Food and Drug Administration,pending,2020-09-08,,FDA,K202580,2026-04-19T08:26:23.096Z,2026-04-19T08:26:23.096Z
9d50634c-d02c-47bb-8f1c-4b9c701f98d9,FDA,K220194,,U.S. Food and Drug Administration,pending,2022-01-24,,FDA,K220194,2026-04-19T08:26:23.096Z,2026-04-19T08:26:23.096Z
1bc183cd-8c65-4366-9b17-11890255dad5,FDA,K850263,,U.S. Food and Drug Administration,pending,1985-01-23,,FDA,K850263,2026-04-19T08:26:23.096Z,2026-04-19T08:26:23.096Z
702b75ee-5abe-452f-8b68-9f541447d50c,FDA,K915558,,U.S. Food and Drug Administration,pending,1991-12-11,,FDA,K915558,2026-04-19T08:26:23.096Z,2026-04-19T08:26:23.096Z
a65b29c0-9b2c-484c-a352-1566d853142c,FDA,K202904,,U.S. Food and Drug Administration,pending,2020-09-29,,FDA,K202904,2026-04-19T08:26:23.096Z,2026-04-19T08:26:23.096Z
dbf3c56a-d121-4b37-99b3-036d1946e96c,FDA,K212059,,U.S. Food and Drug Administration,pending,2021-07-01,,FDA,K212059,2026-04-19T08:26:23.096Z,2026-04-19T08:26:23.096Z
158b3eb1-5e68-4daa-926a-aea915cb7df4,FDA,K230351,,U.S. Food and Drug Administration,pending,2023-02-09,,FDA,K230351,2026-04-19T08:26:23.096Z,2026-04-19T08:26:23.096Z
ee219675-70bd-4150-a7b4-20c5cacd714e,FDA,K854571,,U.S. Food and Drug Administration,pending,1985-11-14,,FDA,K854571,2026-04-19T08:26:23.096Z,2026-04-19T08:26:23.096Z
ed7a0767-4a94-451a-9fc3-f9f9d724474f,FDA,K202607,,U.S. Food and Drug Administration,pending,2020-09-09,,FDA,K202607,2026-04-19T08:26:23.096Z,2026-04-19T08:26:23.096Z
4e46d28a-25c8-4eca-bfec-7b06aa82ba8d,FDA,K874513,,U.S. Food and Drug Administration,pending,1987-11-02,,FDA,K874513,2026-04-19T08:26:23.096Z,2026-04-19T08:26:23.096Z
bfd68f4e-f316-4c5c-9f1e-a5afa91e69b2,FDA,K201718,,U.S. Food and Drug Administration,pending,2020-06-23,,FDA,K201718,2026-04-19T08:26:23.096Z,2026-04-19T08:26:23.096Z
a1209789-33ad-4018-a26a-08a601c08cea,FDA,K130663,,U.S. Food and Drug Administration,pending,2013-03-12,,FDA,K130663,2026-04-19T08:26:23.096Z,2026-04-19T08:26:23.096Z
63f6160e-a921-47d6-a48b-7bde1a8b0437,FDA,K210218,,U.S. Food and Drug Administration,pending,2021-01-27,,FDA,K210218,2026-04-19T08:26:23.097Z,2026-04-19T08:26:23.097Z
d91039d1-6d15-4c18-ac18-e7f5bed0a93b,FDA,K790149,,U.S. Food and Drug Administration,pending,1979-01-12,,FDA,K790149,2026-04-19T08:26:23.097Z,2026-04-19T08:26:23.097Z
4bdc4d95-3cbe-4de7-a60f-b9e346de19d3,FDA,K203265,,U.S. Food and Drug Administration,pending,2020-11-05,,FDA,K203265,2026-04-19T08:26:23.097Z,2026-04-19T08:26:23.097Z
c8c177e3-cce8-4108-915c-2823094699c4,FDA,K212111,,U.S. Food and Drug Administration,pending,2021-07-06,,FDA,K212111,2026-04-19T08:26:23.097Z,2026-04-19T08:26:23.097Z
40cc0d90-fcd9-4e57-ae6a-a45fe1fd1fa7,FDA,K780169,,U.S. Food and Drug Administration,pending,1978-02-02,,FDA,K780169,2026-04-19T08:26:23.097Z,2026-04-19T08:26:23.097Z
87cd69da-06ec-4eae-8102-29266804a8aa,FDA,K872015,,U.S. Food and Drug Administration,pending,1987-05-26,,FDA,K872015,2026-04-19T08:26:23.097Z,2026-04-19T08:26:23.097Z
d304aad7-cfa0-4487-9d61-5de51ca91e12,FDA,K864896,,U.S. Food and Drug Administration,pending,1986-12-15,,FDA,K864896,2026-04-19T08:26:23.097Z,2026-04-19T08:26:23.097Z
aea6103d-6471-494f-9e35-dc6b7f165b6b,FDA,K203646,,U.S. Food and Drug Administration,pending,2020-12-14,,FDA,K203646,2026-04-19T08:26:23.097Z,2026-04-19T08:26:23.097Z
4ba59455-4a85-4fbf-a959-8d8680e0cc20,FDA,K203756,,U.S. Food and Drug Administration,pending,2020-12-23,,FDA,K203756,2026-04-19T08:26:23.097Z,2026-04-19T08:26:23.097Z
45e25415-974e-4356-b4aa-06c287d1fc12,FDA,K220749,,U.S. Food and Drug Administration,pending,2022-03-14,,FDA,K220749,2026-04-19T08:26:23.097Z,2026-04-19T08:26:23.097Z
9ad583ef-92c7-44e7-bb92-a1c36e3d18d7,FDA,K861758,,U.S. Food and Drug Administration,pending,1986-05-06,,FDA,K861758,2026-04-19T08:26:23.097Z,2026-04-19T08:26:23.097Z
ef11f523-8e09-4771-8e07-a69ffb4d7897,FDA,K201517,,U.S. Food and Drug Administration,pending,2020-06-08,,FDA,K201517,2026-04-19T08:26:23.097Z,2026-04-19T08:26:23.097Z
ee83b37d-9fbb-47dd-915c-54be9a667e17,FDA,K201868,,U.S. Food and Drug Administration,pending,2020-07-07,,FDA,K201868,2026-04-19T08:26:23.097Z,2026-04-19T08:26:23.097Z
a7d80842-1622-45a6-aecf-915e3bfdbb7b,FDA,K212610,,U.S. Food and Drug Administration,pending,2021-08-17,,FDA,K212610,2026-04-19T08:26:23.097Z,2026-04-19T08:26:23.097Z
d2c9987b-0346-4514-8b4d-8bae131d8625,FDA,K112126,,U.S. Food and Drug Administration,pending,2011-07-25,,FDA,K112126,2026-04-19T08:26:23.097Z,2026-04-19T08:26:23.097Z
f2314ea4-decc-46f9-a621-bb6586a32d77,FDA,K840535,,U.S. Food and Drug Administration,pending,1984-02-08,,FDA,K840535,2026-04-19T08:26:23.097Z,2026-04-19T08:26:23.097Z
836b0c2d-48a0-40cb-a029-e1d4f5d6fbc4,FDA,K201421,,U.S. Food and Drug Administration,pending,2020-05-29,,FDA,K201421,2026-04-19T08:26:23.097Z,2026-04-19T08:26:23.097Z
6a1825f8-d863-486e-ad48-e9d78aad3720,FDA,K993269,,U.S. Food and Drug Administration,pending,1999-09-30,,FDA,K993269,2026-04-19T08:26:23.097Z,2026-04-19T08:26:23.097Z
287c63ee-537a-4a21-ab6a-0e4baca66cfd,FDA,K161953,,U.S. Food and Drug Administration,pending,2016-07-18,,FDA,K161953,2026-04-19T08:26:23.097Z,2026-04-19T08:26:23.097Z
cdc97f45-2373-47fb-abfd-a45dde01e500,FDA,K120639,,U.S. Food and Drug Administration,pending,2012-03-02,,FDA,K120639,2026-04-19T08:26:23.097Z,2026-04-19T08:26:23.097Z
812eb5f1-ea3a-4e30-9359-eccabf9376ec,FDA,K214087,,U.S. Food and Drug Administration,pending,2021-12-27,,FDA,K214087,2026-04-19T08:26:23.097Z,2026-04-19T08:26:23.097Z
0a110fa7-bd74-43a7-b4a1-1d0e5ca7f268,FDA,K193206,,U.S. Food and Drug Administration,pending,2019-11-20,,FDA,K193206,2026-04-19T08:26:23.097Z,2026-04-19T08:26:23.097Z
b4c68e1c-5cc2-4870-a19b-61d7919743d2,FDA,K202409,,U.S. Food and Drug Administration,pending,2020-08-21,,FDA,K202409,2026-04-19T08:26:23.097Z,2026-04-19T08:26:23.097Z
cb717153-eb7a-4509-a33a-8aa639386426,FDA,K831062,,U.S. Food and Drug Administration,pending,1983-04-08,,FDA,K831062,2026-04-19T08:26:23.097Z,2026-04-19T08:26:23.097Z
89106e83-108f-4406-823d-eb2732080dda,FDA,K211255,,U.S. Food and Drug Administration,pending,2021-04-26,,FDA,K211255,2026-04-19T08:26:23.097Z,2026-04-19T08:26:23.097Z
fe547a72-3df8-4830-ad84-c8ec69fb6cd6,FDA,K201853,,U.S. Food and Drug Administration,pending,2020-07-06,,FDA,K201853,2026-04-19T08:26:23.097Z,2026-04-19T08:26:23.097Z
2d6d360b-52b8-4986-9822-45224b1e76d4,FDA,K212944,,U.S. Food and Drug Administration,pending,2021-09-13,,FDA,K212944,2026-04-19T08:26:23.097Z,2026-04-19T08:26:23.097Z
e64fc4e5-dcc4-4bde-9ab4-5648ec02302b,FDA,K123176,,U.S. Food and Drug Administration,pending,2012-10-10,,FDA,K123176,2026-04-19T08:26:23.097Z,2026-04-19T08:26:23.097Z
e98ecc26-4068-4b96-98ca-1b082aa0ec1b,FDA,K202205,,U.S. Food and Drug Administration,pending,2020-08-05,,FDA,K202205,2026-04-19T08:26:23.097Z,2026-04-19T08:26:23.097Z
6b2927fc-ec8e-4747-9314-e3b8e6fc48dc,FDA,K904719,,U.S. Food and Drug Administration,pending,1990-10-18,,FDA,K904719,2026-04-19T08:26:23.097Z,2026-04-19T08:26:23.097Z
2fdc98bd-8973-4ba6-ad04-6e05646a7a4c,FDA,K212994,,U.S. Food and Drug Administration,pending,2021-09-20,,FDA,K212994,2026-04-19T08:26:23.097Z,2026-04-19T08:26:23.097Z
271148dd-48ae-430c-83bf-93fd579e254b,FDA,K191355,,U.S. Food and Drug Administration,pending,2019-05-21,,FDA,K191355,2026-04-19T08:26:23.097Z,2026-04-19T08:26:23.097Z
4bc12eb1-0ee0-4702-b2c3-f4867f1c5ea8,FDA,K202463,,U.S. Food and Drug Administration,pending,2020-08-27,,FDA,K202463,2026-04-19T08:26:23.097Z,2026-04-19T08:26:23.097Z
329482f6-7831-4679-91a7-2199e990b6d2,FDA,K884526,,U.S. Food and Drug Administration,pending,1988-10-27,,FDA,K884526,2026-04-19T08:26:23.097Z,2026-04-19T08:26:23.097Z
6ae37e17-847e-40e4-878f-fda86980e492,FDA,K202548,,U.S. Food and Drug Administration,pending,2020-09-02,,FDA,K202548,2026-04-19T08:26:23.097Z,2026-04-19T08:26:23.097Z
eb1894dc-3bca-431a-9cf6-badfe8f9fc6b,FDA,K873705,,U.S. Food and Drug Administration,pending,1987-09-14,,FDA,K873705,2026-04-19T08:26:23.097Z,2026-04-19T08:26:23.097Z
da128ca0-4cd7-4e3d-8967-fa14e89748af,FDA,K210409,,U.S. Food and Drug Administration,pending,2021-02-11,,FDA,K210409,2026-04-19T08:26:23.097Z,2026-04-19T08:26:23.097Z
19340228-ba44-4665-84e9-d598a4a5a146,FDA,K761140,,U.S. Food and Drug Administration,pending,1976-11-26,,FDA,K761140,2026-04-19T08:26:23.097Z,2026-04-19T08:26:23.097Z
6194a587-2335-41b5-be42-37bfc0cb7da2,FDA,K093901,,U.S. Food and Drug Administration,pending,2009-12-22,,FDA,K093901,2026-04-19T08:26:23.097Z,2026-04-19T08:26:23.097Z
835cd672-0e1c-4237-982f-ef08192632c0,FDA,K203685,,U.S. Food and Drug Administration,pending,2020-12-17,,FDA,K203685,2026-04-19T08:26:23.097Z,2026-04-19T08:26:23.097Z
a8ef3dad-e820-43e9-84cb-0f274ec28126,FDA,K913506,,U.S. Food and Drug Administration,pending,1991-08-07,,FDA,K913506,2026-04-19T08:26:23.097Z,2026-04-19T08:26:23.097Z
98a5d60a-5783-48f9-b528-fa158dcb6bcd,FDA,K780605,,U.S. Food and Drug Administration,pending,1978-04-10,,FDA,K780605,2026-04-19T08:26:23.097Z,2026-04-19T08:26:23.097Z
df89be1e-6b55-4553-a6ea-6fc70302d062,FDA,K190950,,U.S. Food and Drug Administration,pending,2019-04-11,,FDA,K190950,2026-04-19T08:26:23.097Z,2026-04-19T08:26:23.097Z
d4a108cd-b8f6-4b7a-9d7e-8d49d136fd27,FDA,K850177,,U.S. Food and Drug Administration,pending,1985-01-17,,FDA,K850177,2026-04-19T08:26:23.097Z,2026-04-19T08:26:23.097Z
ca047670-c80d-4c86-a6c8-df224848161c,FDA,K162442,,U.S. Food and Drug Administration,pending,2016-08-31,,FDA,K162442,2026-04-19T08:26:23.097Z,2026-04-19T08:26:23.097Z
38cde0bf-5515-4cac-b7e9-aca46b0af686,FDA,K093169,,U.S. Food and Drug Administration,pending,2009-10-07,,FDA,K093169,2026-04-19T08:26:23.097Z,2026-04-19T08:26:23.097Z
def3dcc7-ea75-4ca9-9632-0fca89f3d378,FDA,K211765,,U.S. Food and Drug Administration,pending,2021-06-08,,FDA,K211765,2026-04-19T08:26:23.097Z,2026-04-19T08:26:23.097Z
b14e48bc-58c7-4ffb-bf58-731d7d5be82a,FDA,K926519,,U.S. Food and Drug Administration,pending,1992-12-30,,FDA,K926519,2026-04-19T08:26:23.097Z,2026-04-19T08:26:23.097Z
1b4051c6-665e-4ede-be51-1a37fbdde4ef,FDA,K932003,,U.S. Food and Drug Administration,pending,1993-04-15,,FDA,K932003,2026-04-19T08:26:23.097Z,2026-04-19T08:26:23.097Z
54dc5f60-e507-486b-8ba7-c7ed5a047891,FDA,K972410,,U.S. Food and Drug Administration,pending,1997-06-26,,FDA,K972410,2026-04-19T08:26:23.097Z,2026-04-19T08:26:23.097Z
72eb37d1-fd6e-4255-8e8f-f3e9b23823a0,FDA,K193327,,U.S. Food and Drug Administration,pending,2019-12-02,,FDA,K193327,2026-04-19T08:26:23.097Z,2026-04-19T08:26:23.097Z
344785da-8f67-4398-809e-f6174d115f69,FDA,K931144,,U.S. Food and Drug Administration,pending,1993-03-05,,FDA,K931144,2026-04-19T08:26:23.097Z,2026-04-19T08:26:23.097Z
578ee595-ba93-49fc-aa5f-4db713cfae5c,FDA,K894284,,U.S. Food and Drug Administration,pending,1989-06-23,,FDA,K894284,2026-04-19T08:26:23.097Z,2026-04-19T08:26:23.097Z
00e2933d-1472-4b4c-8f22-4797bf2d6d45,FDA,K771929,,U.S. Food and Drug Administration,pending,1977-10-14,,FDA,K771929,2026-04-19T08:26:23.097Z,2026-04-19T08:26:23.097Z
7e263798-4e08-4450-9398-b8a30a467fb2,FDA,K921151,,U.S. Food and Drug Administration,pending,1992-03-04,,FDA,K921151,2026-04-19T08:26:23.097Z,2026-04-19T08:26:23.097Z
52894d61-f49b-4a1b-b190-8ca922c67491,FDA,K080795,,U.S. Food and Drug Administration,pending,2008-03-20,,FDA,K080795,2026-04-19T08:26:23.097Z,2026-04-19T08:26:23.097Z
e2d67c90-61f6-4ac3-b37b-d2387ccfd43f,FDA,K210355,,U.S. Food and Drug Administration,pending,2021-02-08,,FDA,K210355,2026-04-19T08:26:23.097Z,2026-04-19T08:26:23.097Z
c3285a04-e5c4-4520-9f7d-2cd53dc220ca,FDA,K163191,,U.S. Food and Drug Administration,pending,2016-11-14,,FDA,K163191,2026-04-19T08:26:23.097Z,2026-04-19T08:26:23.097Z
a45f2613-56d4-4e38-9b4a-e0458944f22f,FDA,K912803,,U.S. Food and Drug Administration,pending,1991-06-25,,FDA,K912803,2026-04-19T08:26:23.097Z,2026-04-19T08:26:23.097Z
c4b649ae-0c20-41c8-959c-881f0170e35e,FDA,K203415,,U.S. Food and Drug Administration,pending,2020-11-19,,FDA,K203415,2026-04-19T08:26:23.097Z,2026-04-19T08:26:23.097Z
9a3c29f1-b940-426d-8a3a-a35d26fdc3ac,FDA,K153255,,U.S. Food and Drug Administration,pending,2015-11-10,,FDA,K153255,2026-04-19T08:26:23.097Z,2026-04-19T08:26:23.097Z
1c809a87-963c-4b1a-b6db-2b1f19b1c131,FDA,K242689,,U.S. Food and Drug Administration,pending,2024-09-06,,FDA,K242689,2026-04-19T08:26:23.097Z,2026-04-19T08:26:23.097Z
b007172c-07e7-4e27-baac-c0375dbe714d,FDA,K211809,,U.S. Food and Drug Administration,pending,2021-06-11,,FDA,K211809,2026-04-19T08:26:23.097Z,2026-04-19T08:26:23.097Z
9111ce7b-7c0e-4b41-ada2-54cf023c56ea,FDA,K953251,,U.S. Food and Drug Administration,pending,1995-07-12,,FDA,K953251,2026-04-19T08:26:23.097Z,2026-04-19T08:26:23.097Z
ee576b9f-f073-4b38-8e9f-c32e768da39e,FDA,K851823,,U.S. Food and Drug Administration,pending,1985-04-26,,FDA,K851823,2026-04-19T08:26:23.097Z,2026-04-19T08:26:23.097Z
dc308e3f-6c9b-4f21-afbb-487a9fbd400e,FDA,K202706,,U.S. Food and Drug Administration,pending,2020-09-16,,FDA,K202706,2026-04-19T08:26:23.097Z,2026-04-19T08:26:23.097Z
e72c718a-e635-4f59-8bed-c0e28847255e,FDA,K202447,,U.S. Food and Drug Administration,pending,2020-08-26,,FDA,K202447,2026-04-19T08:26:23.097Z,2026-04-19T08:26:23.097Z
20ad1e04-413c-4062-a07a-1ebb9b0a9ea4,FDA,K952115,,U.S. Food and Drug Administration,pending,1995-05-05,,FDA,K952115,2026-04-19T08:26:23.097Z,2026-04-19T08:26:23.097Z
556aad20-b76e-4937-9429-380c24a769ce,FDA,K221819,,U.S. Food and Drug Administration,pending,2022-06-23,,FDA,K221819,2026-04-19T08:26:23.097Z,2026-04-19T08:26:23.097Z
1ee2d28a-c344-44a6-99c1-94dc1e561d77,FDA,K931145,,U.S. Food and Drug Administration,pending,1993-03-05,,FDA,K931145,2026-04-19T08:26:23.097Z,2026-04-19T08:26:23.097Z
01256441-6d23-41e1-9b83-19b368deff15,FDA,K093115,,U.S. Food and Drug Administration,pending,2009-10-02,,FDA,K093115,2026-04-19T08:26:23.097Z,2026-04-19T08:26:23.097Z
199af453-71d7-4a16-bc08-b98bbea9734e,FDA,K121152,,U.S. Food and Drug Administration,pending,2012-04-16,,FDA,K121152,2026-04-19T08:26:23.098Z,2026-04-19T08:26:23.098Z
82167c68-514c-445a-8c22-c9a9888ce36f,FDA,K911921,,U.S. Food and Drug Administration,pending,1991-04-30,,FDA,K911921,2026-04-19T08:26:23.098Z,2026-04-19T08:26:23.098Z
85ea91c4-86c1-4dfa-afca-67930f35eedf,FDA,K211036,,U.S. Food and Drug Administration,pending,2021-04-07,,FDA,K211036,2026-04-19T08:26:23.098Z,2026-04-19T08:26:23.098Z
7ba6d7c7-e26c-4da5-a5ec-4d13056c8b58,FDA,K800927,,U.S. Food and Drug Administration,pending,1980-04-21,,FDA,K800927,2026-04-19T08:26:23.098Z,2026-04-19T08:26:23.098Z
0f0b4aaf-32ca-4611-9e2e-9e6495f89e81,FDA,K203548,,U.S. Food and Drug Administration,pending,2020-12-04,,FDA,K203548,2026-04-19T08:26:23.098Z,2026-04-19T08:26:23.098Z
99f65660-3887-4523-963d-ded0bcb736f5,FDA,K944138,,U.S. Food and Drug Administration,pending,1994-08-24,,FDA,K944138,2026-04-19T08:26:23.098Z,2026-04-19T08:26:23.098Z
ead35601-2033-4f44-864a-f1aa4b4975bc,FDA,K992445,,U.S. Food and Drug Administration,pending,1999-07-22,,FDA,K992445,2026-04-19T08:26:23.098Z,2026-04-19T08:26:23.098Z
c59c73f5-f464-4c50-b062-ee8b41a63197,FDA,K241214,,U.S. Food and Drug Administration,pending,2024-04-30,,FDA,K241214,2026-04-19T08:26:23.098Z,2026-04-19T08:26:23.098Z
35cd9327-fc86-427f-afec-79d234181171,FDA,K921157,,U.S. Food and Drug Administration,pending,1992-03-04,,FDA,K921157,2026-04-19T08:26:23.098Z,2026-04-19T08:26:23.098Z
66317639-ae9f-426b-b70b-e4d9c11a9824,FDA,K250564,,U.S. Food and Drug Administration,pending,2025-02-26,,FDA,K250564,2026-04-19T08:26:23.098Z,2026-04-19T08:26:23.098Z
27d3828a-e4cb-4546-980e-e7dac427805b,FDA,K221977,,U.S. Food and Drug Administration,pending,2022-07-05,,FDA,K221977,2026-04-19T08:26:23.098Z,2026-04-19T08:26:23.098Z
f09a82db-8c38-47f2-86cc-68ae11322b36,FDA,K222456,,U.S. Food and Drug Administration,pending,2022-08-15,,FDA,K222456,2026-04-19T08:26:23.098Z,2026-04-19T08:26:23.098Z
5a3548e5-f81c-46c0-b248-5796095d14eb,FDA,K874318,,U.S. Food and Drug Administration,pending,1987-10-20,,FDA,K874318,2026-04-19T08:26:23.098Z,2026-04-19T08:26:23.098Z
73c7c964-2a5c-4d51-8e8f-f60e0fc76e68,FDA,K080723,,U.S. Food and Drug Administration,pending,2008-03-12,,FDA,K080723,2026-04-19T08:26:23.098Z,2026-04-19T08:26:23.098Z
6a57f850-46e6-4b09-aec0-92ddca82a2ba,FDA,K182172,,U.S. Food and Drug Administration,pending,2018-08-10,,FDA,K182172,2026-04-19T08:26:23.098Z,2026-04-19T08:26:23.098Z
edf70d96-3caf-4937-91d7-ea5d17d2611e,FDA,K880942,,U.S. Food and Drug Administration,pending,1988-03-07,,FDA,K880942,2026-04-19T08:26:23.098Z,2026-04-19T08:26:23.098Z
311e22d4-fdb8-4be6-9da3-2e911fc29451,FDA,K222128,,U.S. Food and Drug Administration,pending,2022-07-18,,FDA,K222128,2026-04-19T08:26:23.098Z,2026-04-19T08:26:23.098Z
ab331879-252c-4570-beeb-64ebc2550316,FDA,K160361,,U.S. Food and Drug Administration,pending,2016-02-09,,FDA,K160361,2026-04-19T08:26:23.098Z,2026-04-19T08:26:23.098Z
95f39216-dc91-4016-89ae-8da7aa96465f,FDA,K992436,,U.S. Food and Drug Administration,pending,1999-07-22,,FDA,K992436,2026-04-19T08:26:23.098Z,2026-04-19T08:26:23.098Z
74a49cb9-0097-4aff-b5e9-bf3bfffd59ec,FDA,K882684,,U.S. Food and Drug Administration,pending,1988-06-30,,FDA,K882684,2026-04-19T08:26:23.098Z,2026-04-19T08:26:23.098Z
cce6cfa1-d996-49d9-9254-c964bef57e72,FDA,K182830,,U.S. Food and Drug Administration,pending,2018-10-05,,FDA,K182830,2026-04-19T08:26:23.098Z,2026-04-19T08:26:23.098Z
804ab1eb-15d4-481d-b2bf-d7fb9ae6daa5,FDA,K230577,,U.S. Food and Drug Administration,pending,2023-03-01,,FDA,K230577,2026-04-19T08:26:23.098Z,2026-04-19T08:26:23.098Z
9262da78-da20-4919-9e58-b6e3cee3a79b,FDA,K920404,,U.S. Food and Drug Administration,pending,1992-01-31,,FDA,K920404,2026-04-19T08:26:23.098Z,2026-04-19T08:26:23.098Z
0baeac4c-4e59-4476-a6a2-9efddca7e57b,FDA,K233571,,U.S. Food and Drug Administration,pending,2023-11-06,,FDA,K233571,2026-04-19T08:26:23.098Z,2026-04-19T08:26:23.098Z
53a2940c-fe6c-44cf-80c1-d50606c20f8e,FDA,K220435,,U.S. Food and Drug Administration,pending,2022-02-14,,FDA,K220435,2026-04-19T08:26:23.098Z,2026-04-19T08:26:23.098Z
e5b84b8a-86bb-4d10-9902-e139c0362c6c,FDA,K223467,,U.S. Food and Drug Administration,pending,2022-11-17,,FDA,K223467,2026-04-19T08:26:23.098Z,2026-04-19T08:26:23.098Z
bbb3c8c8-3981-4daa-abf8-52270012ada7,FDA,K213844,,U.S. Food and Drug Administration,pending,2021-12-09,,FDA,K213844,2026-04-19T08:26:23.098Z,2026-04-19T08:26:23.098Z
995f2955-e2eb-4743-a414-03c467590fc6,FDA,K211060,,U.S. Food and Drug Administration,pending,2021-04-09,,FDA,K211060,2026-04-19T08:26:23.098Z,2026-04-19T08:26:23.098Z
9b55360c-161b-4d5b-bbc7-ce9ee360fde4,FDA,K203821,,U.S. Food and Drug Administration,pending,2020-12-29,,FDA,K203821,2026-04-19T08:26:23.098Z,2026-04-19T08:26:23.098Z
fa7f1326-a0b7-4d40-9058-466c953539ce,FDA,K210688,,U.S. Food and Drug Administration,pending,2021-03-08,,FDA,K210688,2026-04-19T08:26:23.098Z,2026-04-19T08:26:23.098Z
1e42f7cc-477b-4f5e-b2ff-4cd154061dc7,FDA,K921058,,U.S. Food and Drug Administration,pending,1992-03-05,,FDA,K921058,2026-04-19T08:26:23.098Z,2026-04-19T08:26:23.098Z
05f58614-f93b-449f-99e2-7a4acd6bcba9,FDA,K920996,,U.S. Food and Drug Administration,pending,1992-03-02,,FDA,K920996,2026-04-19T08:26:23.098Z,2026-04-19T08:26:23.098Z
7e07f068-3b46-4ee2-bdf5-c803a094d1e1,FDA,K231510,,U.S. Food and Drug Administration,pending,2023-05-25,,FDA,K231510,2026-04-19T08:26:23.098Z,2026-04-19T08:26:23.098Z
2cfefadc-2726-46ad-b6fe-cb7bae9fda81,FDA,K921153,,U.S. Food and Drug Administration,pending,1992-03-04,,FDA,K921153,2026-04-19T08:26:23.098Z,2026-04-19T08:26:23.098Z
236bafdd-493c-448e-9f44-fd4b11a58caf,FDA,K201351,,U.S. Food and Drug Administration,pending,2020-05-21,,FDA,K201351,2026-04-19T08:26:23.098Z,2026-04-19T08:26:23.098Z
592ff017-37f5-403f-a1b4-db591b2ad4b2,FDA,K921156,,U.S. Food and Drug Administration,pending,1992-03-04,,FDA,K921156,2026-04-19T08:26:23.098Z,2026-04-19T08:26:23.098Z
c14a82e5-407e-481b-9df8-6bb6d0b89bd2,FDA,K851938,,U.S. Food and Drug Administration,pending,1985-05-03,,FDA,K851938,2026-04-19T08:26:23.098Z,2026-04-19T08:26:23.098Z
15b52c85-8ff8-4039-ab21-8e85889ec71f,FDA,K981393,,U.S. Food and Drug Administration,pending,1998-04-17,,FDA,K981393,2026-04-19T08:26:23.098Z,2026-04-19T08:26:23.098Z
efc4dcab-e8d2-4c93-ae39-430941abd53a,FDA,K230384,,U.S. Food and Drug Administration,pending,2023-02-14,,FDA,K230384,2026-04-19T08:26:23.098Z,2026-04-19T08:26:23.098Z
07108571-c90a-453c-8795-7c74bdb28d35,FDA,K930167,,U.S. Food and Drug Administration,pending,1993-01-13,,FDA,K930167,2026-04-19T08:26:23.098Z,2026-04-19T08:26:23.098Z
0d076b93-46f4-4d99-b94e-1cf3ba938ad7,FDA,K111535,,U.S. Food and Drug Administration,pending,2011-06-02,,FDA,K111535,2026-04-19T08:26:23.098Z,2026-04-19T08:26:23.098Z
7f54e72c-b202-4139-acb9-bcdb792d9405,FDA,K932731,,U.S. Food and Drug Administration,pending,1993-06-07,,FDA,K932731,2026-04-19T08:26:23.098Z,2026-04-19T08:26:23.098Z
635f51fd-a4be-4dae-8b2c-01566583ae58,FDA,K874888,,U.S. Food and Drug Administration,pending,1987-12-01,,FDA,K874888,2026-04-19T08:26:23.098Z,2026-04-19T08:26:23.098Z
76375620-8fae-4810-a317-a4e63de3a35b,FDA,K210131,,U.S. Food and Drug Administration,pending,2021-01-19,,FDA,K210131,2026-04-19T08:26:23.098Z,2026-04-19T08:26:23.098Z
4ba389ea-cc5e-4344-a910-3ed04d8fd3b1,FDA,K210405,,U.S. Food and Drug Administration,pending,2021-02-10,,FDA,K210405,2026-04-19T08:26:23.098Z,2026-04-19T08:26:23.098Z
9f05c699-da27-4dca-8f26-3274e3e615c4,FDA,K090383,,U.S. Food and Drug Administration,pending,2009-02-17,,FDA,K090383,2026-04-19T08:26:23.098Z,2026-04-19T08:26:23.098Z
95a3e083-d98b-4f22-ae98-6b32e3f6819b,FDA,K212717,,U.S. Food and Drug Administration,pending,2021-08-27,,FDA,K212717,2026-04-19T08:26:23.098Z,2026-04-19T08:26:23.098Z
594cba42-47bc-4382-acf3-64da576da567,FDA,K220528,,U.S. Food and Drug Administration,pending,2022-02-24,,FDA,K220528,2026-04-19T08:26:23.098Z,2026-04-19T08:26:23.098Z
2d5ee605-590f-4cb1-9542-e43c31f14f98,FDA,K923798,,U.S. Food and Drug Administration,pending,1992-07-20,,FDA,K923798,2026-04-19T08:26:23.098Z,2026-04-19T08:26:23.098Z
36b6662f-49f3-4895-b571-19b7fbe1991e,FDA,K212812,,U.S. Food and Drug Administration,pending,2021-09-03,,FDA,K212812,2026-04-19T08:26:23.098Z,2026-04-19T08:26:23.098Z
f159c08a-0fc1-4e85-a729-ed71e1c126da,FDA,K770250,,U.S. Food and Drug Administration,pending,1977-02-08,,FDA,K770250,2026-04-19T08:26:23.098Z,2026-04-19T08:26:23.098Z
3a70f50c-fad8-4edc-9e36-b3d7c2c08f76,FDA,K013846,,U.S. Food and Drug Administration,pending,2001-11-20,,FDA,K013846,2026-04-19T08:26:23.098Z,2026-04-19T08:26:23.098Z
4126efb2-bc44-4b31-9841-7136aca73fb5,FDA,K214108,,U.S. Food and Drug Administration,pending,2021-12-29,,FDA,K214108,2026-04-19T08:26:23.098Z,2026-04-19T08:26:23.098Z
be7d6185-b22c-49e2-876d-7fb789c2aad8,FDA,K211509,,U.S. Food and Drug Administration,pending,2021-05-14,,FDA,K211509,2026-04-19T08:26:23.098Z,2026-04-19T08:26:23.098Z
bd01b78d-0a33-466c-8f3f-543e98922414,FDA,K925077,,U.S. Food and Drug Administration,pending,1992-10-07,,FDA,K925077,2026-04-19T08:26:23.098Z,2026-04-19T08:26:23.098Z
037dbc9f-3392-415b-812f-bbfea43b1f4a,FDA,K222403,,U.S. Food and Drug Administration,pending,2022-08-09,,FDA,K222403,2026-04-19T08:26:23.098Z,2026-04-19T08:26:23.098Z
8abc8d5c-b5cb-4625-afb6-cdd5855de280,FDA,K920405,,U.S. Food and Drug Administration,pending,1992-01-31,,FDA,K920405,2026-04-19T08:26:23.098Z,2026-04-19T08:26:23.098Z
9cbd4878-799d-40ed-b042-1346581fe8cc,FDA,K091097,,U.S. Food and Drug Administration,pending,2009-04-16,,FDA,K091097,2026-04-19T08:26:23.098Z,2026-04-19T08:26:23.098Z
1a2533b4-17d4-4ff9-9809-543eb7b6cb58,FDA,K030536,,U.S. Food and Drug Administration,pending,2003-02-20,,FDA,K030536,2026-04-19T08:26:23.098Z,2026-04-19T08:26:23.098Z
4a2d74a2-9303-44c6-9f63-01708811a170,FDA,K052824,,U.S. Food and Drug Administration,pending,2005-10-05,,FDA,K052824,2026-04-19T08:26:23.098Z,2026-04-19T08:26:23.098Z
b79cd600-33d4-48f5-86b2-3effc3400c2c,FDA,K211422,,U.S. Food and Drug Administration,pending,2021-05-07,,FDA,K211422,2026-04-19T08:26:23.098Z,2026-04-19T08:26:23.098Z
ef459299-af6f-4927-a824-e955d1f04bbf,FDA,K221027,,U.S. Food and Drug Administration,pending,2022-04-06,,FDA,K221027,2026-04-19T08:26:23.098Z,2026-04-19T08:26:23.098Z
67d6ba76-6527-45ed-909f-7ccc26632e6a,FDA,K171535,,U.S. Food and Drug Administration,pending,2017-05-25,,FDA,K171535,2026-04-19T08:26:23.098Z,2026-04-19T08:26:23.098Z
ec8e1aa7-b9ea-4836-80b0-4ec76cb1668a,FDA,K922949,,U.S. Food and Drug Administration,pending,1992-06-18,,FDA,K922949,2026-04-19T08:26:23.098Z,2026-04-19T08:26:23.098Z
497bd2ce-dcf0-445f-a37b-4d13da969dbe,FDA,K843721,,U.S. Food and Drug Administration,pending,1984-09-24,,FDA,K843721,2026-04-19T08:26:23.098Z,2026-04-19T08:26:23.098Z
be08da98-8ee1-4f9a-b3c2-a659ced45bfa,FDA,K914235,,U.S. Food and Drug Administration,pending,1991-09-20,,FDA,K914235,2026-04-19T08:26:23.098Z,2026-04-19T08:26:23.098Z
8f54dbe9-ff61-428a-ae3e-16acac58cf4f,FDA,K150151,,U.S. Food and Drug Administration,pending,2015-01-23,,FDA,K150151,2026-04-19T08:26:23.098Z,2026-04-19T08:26:23.098Z
c39405b8-ffec-4465-9f0e-71e6ab42d7c5,FDA,K192290,,U.S. Food and Drug Administration,pending,2019-08-23,,FDA,K192290,2026-04-19T08:26:23.098Z,2026-04-19T08:26:23.098Z
c3e6ee97-681b-4f58-b5c7-b2a21705e6a2,FDA,K960999,,U.S. Food and Drug Administration,pending,1996-03-12,,FDA,K960999,2026-04-19T08:26:23.098Z,2026-04-19T08:26:23.098Z
774768cd-d7a0-40da-9ce5-1612a05ffa62,FDA,K061724,,U.S. Food and Drug Administration,pending,2006-06-19,,FDA,K061724,2026-04-19T08:26:23.098Z,2026-04-19T08:26:23.098Z
04171dfc-dfa6-416a-b497-34acd8a2243c,FDA,K944510,,U.S. Food and Drug Administration,pending,1994-09-15,,FDA,K944510,2026-04-19T08:26:23.098Z,2026-04-19T08:26:23.098Z
9ad30ea4-a327-438b-91e3-33d2a19cb276,FDA,K051345,,U.S. Food and Drug Administration,pending,2005-05-23,,FDA,K051345,2026-04-19T08:26:23.098Z,2026-04-19T08:26:23.098Z
068ee814-bf1f-48ac-9f9f-a50b2adfa538,FDA,K934942,,U.S. Food and Drug Administration,pending,1993-10-15,,FDA,K934942,2026-04-19T08:26:23.098Z,2026-04-19T08:26:23.098Z
87ac3901-0314-4752-aa33-4859acacf21a,FDA,K142190,,U.S. Food and Drug Administration,pending,2014-08-08,,FDA,K142190,2026-04-19T08:26:23.098Z,2026-04-19T08:26:23.098Z
9766826c-9732-4de3-90f1-c5764793b470,FDA,K960842,,U.S. Food and Drug Administration,pending,1996-02-27,,FDA,K960842,2026-04-19T08:26:23.098Z,2026-04-19T08:26:23.098Z
4edd0da3-b531-434c-a957-1a8b7dff56d6,FDA,K892083,,U.S. Food and Drug Administration,pending,1989-04-03,,FDA,K892083,2026-04-19T08:26:23.098Z,2026-04-19T08:26:23.098Z
b2bee67f-b96e-4926-945f-04561ed0a5ab,FDA,K972177,,U.S. Food and Drug Administration,pending,1997-06-10,,FDA,K972177,2026-04-19T08:26:23.098Z,2026-04-19T08:26:23.098Z
3dddf156-d417-47d7-8b57-40a818e4d6a7,FDA,K153744,,U.S. Food and Drug Administration,pending,2015-12-28,,FDA,K153744,2026-04-19T08:26:23.098Z,2026-04-19T08:26:23.098Z
a39ddd26-075e-4c59-8b43-52cb24bfe241,FDA,K222294,,U.S. Food and Drug Administration,pending,2022-08-01,,FDA,K222294,2026-04-19T08:26:23.098Z,2026-04-19T08:26:23.098Z
a50fd034-8812-41bd-b356-2e2582f4ac9d,FDA,K133949,,U.S. Food and Drug Administration,pending,2013-12-23,,FDA,K133949,2026-04-19T08:26:23.098Z,2026-04-19T08:26:23.098Z
7ba53aef-d53e-48f1-b094-59cec5be1e65,FDA,K931094,,U.S. Food and Drug Administration,pending,1993-03-03,,FDA,K931094,2026-04-19T08:26:23.098Z,2026-04-19T08:26:23.098Z
38eaa755-9f57-4179-888d-6360c40c48c0,FDA,K891504,,U.S. Food and Drug Administration,pending,1989-03-16,,FDA,K891504,2026-04-19T08:26:23.098Z,2026-04-19T08:26:23.098Z
7cf23cef-fa5f-4893-beb6-d467e0a1995f,FDA,K934813,,U.S. Food and Drug Administration,pending,1993-10-07,,FDA,K934813,2026-04-19T08:26:23.098Z,2026-04-19T08:26:23.098Z
4484ee5f-85d1-4209-8943-af1c2ee49bbc,FDA,K011613,,U.S. Food and Drug Administration,pending,2001-05-25,,FDA,K011613,2026-04-19T08:26:23.098Z,2026-04-19T08:26:23.098Z
dfb30260-6974-4b70-90f0-f1f89814aa5f,FDA,K890987,,U.S. Food and Drug Administration,pending,1989-03-01,,FDA,K890987,2026-04-19T08:26:23.098Z,2026-04-19T08:26:23.098Z
9dfcaea9-ae32-473f-9c71-61b0f55108bd,FDA,K892096,,U.S. Food and Drug Administration,pending,1989-04-03,,FDA,K892096,2026-04-19T08:26:23.098Z,2026-04-19T08:26:23.098Z
ddd75f98-bb8a-432a-88bb-ffdd36838ca8,FDA,K971514,,U.S. Food and Drug Administration,pending,1997-04-25,,FDA,K971514,2026-04-19T08:26:23.098Z,2026-04-19T08:26:23.098Z
2963f072-f266-4a41-a13e-34158222c6ef,FDA,K994036,,U.S. Food and Drug Administration,pending,1999-11-29,,FDA,K994036,2026-04-19T08:26:23.098Z,2026-04-19T08:26:23.098Z
8e1c4210-c403-4154-9b56-8606ef1654cc,FDA,K946155,,U.S. Food and Drug Administration,pending,1994-12-16,,FDA,K946155,2026-04-19T08:26:23.098Z,2026-04-19T08:26:23.098Z
9e18f370-8520-483c-80dc-69109b93a892,FDA,K052984,,U.S. Food and Drug Administration,pending,2005-10-24,,FDA,K052984,2026-04-19T08:26:23.098Z,2026-04-19T08:26:23.098Z
c2a0e89a-42fd-43a3-b517-46f2511b9216,FDA,K200326,,U.S. Food and Drug Administration,pending,2020-02-10,,FDA,K200326,2026-04-19T08:26:23.098Z,2026-04-19T08:26:23.098Z
0eb5a711-63fb-4e6b-8374-ae08d832ab33,FDA,K904324,,U.S. Food and Drug Administration,pending,1990-09-14,,FDA,K904324,2026-04-19T08:26:23.098Z,2026-04-19T08:26:23.098Z
de0b5763-9772-4b4e-bde4-6dac50a3af89,FDA,K011286,,U.S. Food and Drug Administration,pending,2001-04-27,,FDA,K011286,2026-04-19T08:26:23.098Z,2026-04-19T08:26:23.098Z
01221c9c-e3a5-4f2b-8f51-1caa6d5fc8cf,FDA,K193150,,U.S. Food and Drug Administration,pending,2019-11-13,,FDA,K193150,2026-04-19T08:26:23.098Z,2026-04-19T08:26:23.098Z
d7cccfc3-fc37-48f9-a3c9-dda093f15299,FDA,K091421,,U.S. Food and Drug Administration,pending,2009-05-13,,FDA,K091421,2026-04-19T08:26:23.098Z,2026-04-19T08:26:23.098Z
024637aa-a1c2-44b1-8dfc-57c13d806a69,FDA,K223444,,U.S. Food and Drug Administration,pending,2022-11-14,,FDA,K223444,2026-04-19T08:26:23.098Z,2026-04-19T08:26:23.098Z
407c2795-73c3-417e-9c75-d0c0fee3ff99,FDA,K891263,,U.S. Food and Drug Administration,pending,1989-03-08,,FDA,K891263,2026-04-19T08:26:23.098Z,2026-04-19T08:26:23.098Z
9d3278fc-ca99-4f6b-a2fa-a03cab0d607e,FDA,K942313,,U.S. Food and Drug Administration,pending,1994-05-13,,FDA,K942313,2026-04-19T08:26:23.098Z,2026-04-19T08:26:23.098Z
f105f54e-abe0-4ba2-8d3b-07c802d1f9e1,FDA,K210366,,U.S. Food and Drug Administration,pending,2021-02-08,,FDA,K210366,2026-04-19T08:26:23.098Z,2026-04-19T08:26:23.098Z
301c689b-eba2-46d4-a7aa-eec614ccd349,FDA,K152937,,U.S. Food and Drug Administration,pending,2015-10-05,,FDA,K152937,2026-04-19T08:26:23.098Z,2026-04-19T08:26:23.098Z
58fc6bac-4361-42eb-93a4-3d1b2db48968,FDA,K150238,,U.S. Food and Drug Administration,pending,2015-02-02,,FDA,K150238,2026-04-19T08:26:23.098Z,2026-04-19T08:26:23.098Z
2767f5ff-a05e-4f20-bade-56c1568e7227,FDA,K172420,,U.S. Food and Drug Administration,pending,2017-08-10,,FDA,K172420,2026-04-19T08:26:23.098Z,2026-04-19T08:26:23.098Z
8f68fbf9-a268-4fae-8aab-8f93f888508d,FDA,K892168,,U.S. Food and Drug Administration,pending,1989-04-05,,FDA,K892168,2026-04-19T08:26:23.098Z,2026-04-19T08:26:23.098Z
204ae0bb-7861-466b-bd48-5d663a4912fa,FDA,K162819,,U.S. Food and Drug Administration,pending,2016-10-06,,FDA,K162819,2026-04-19T08:26:23.098Z,2026-04-19T08:26:23.098Z
3e87fab8-8f29-466f-8a1f-8e81e49394df,FDA,K172357,,U.S. Food and Drug Administration,pending,2017-08-03,,FDA,K172357,2026-04-19T08:26:23.098Z,2026-04-19T08:26:23.098Z
347d7e11-756f-43c3-ac13-28a49530af6f,FDA,K902282,,U.S. Food and Drug Administration,pending,1990-05-22,,FDA,K902282,2026-04-19T08:26:23.098Z,2026-04-19T08:26:23.098Z
156b5834-9177-41dc-a129-8cf18bca9030,FDA,K211479,,U.S. Food and Drug Administration,pending,2021-05-12,,FDA,K211479,2026-04-19T08:26:23.098Z,2026-04-19T08:26:23.098Z
7429b1fc-4915-4044-b6dd-b79853922a02,FDA,K100978,,U.S. Food and Drug Administration,pending,2010-04-08,,FDA,K100978,2026-04-19T08:26:23.098Z,2026-04-19T08:26:23.098Z
cbf20c24-9fc4-4461-82b4-a7d546dfc3d2,FDA,K222642,,U.S. Food and Drug Administration,pending,2022-09-01,,FDA,K222642,2026-04-19T08:26:23.098Z,2026-04-19T08:26:23.098Z
e770be86-bd90-4768-a46d-90dec919b848,FDA,K211904,,U.S. Food and Drug Administration,pending,2021-06-21,,FDA,K211904,2026-04-19T08:26:23.098Z,2026-04-19T08:26:23.098Z
0315565f-2e8e-4847-af29-4ee8aea69c72,FDA,K093517,,U.S. Food and Drug Administration,pending,2009-11-13,,FDA,K093517,2026-04-19T08:26:23.098Z,2026-04-19T08:26:23.098Z
052a2ffd-35b9-4f11-b004-9601bd64f794,FDA,K172678,,U.S. Food and Drug Administration,pending,2017-09-05,,FDA,K172678,2026-04-19T08:26:23.098Z,2026-04-19T08:26:23.098Z
13d7a5ac-4665-4076-aa20-bf254130b335,FDA,K212482,,U.S. Food and Drug Administration,pending,2021-08-09,,FDA,K212482,2026-04-19T08:26:23.098Z,2026-04-19T08:26:23.098Z
bd857337-c416-4ddd-a53f-6921964885a3,FDA,K012815,,U.S. Food and Drug Administration,pending,2001-08-22,,FDA,K012815,2026-04-19T08:26:23.098Z,2026-04-19T08:26:23.098Z
50ba43a7-cd80-4f44-b057-ec89809dbbd6,FDA,K162175,,U.S. Food and Drug Administration,pending,2016-08-03,,FDA,K162175,2026-04-19T08:26:23.098Z,2026-04-19T08:26:23.098Z
ea75a6cb-e5e7-47e0-b8b4-9165d1ef4381,FDA,K083600,,U.S. Food and Drug Administration,pending,2008-12-05,,FDA,K083600,2026-04-19T08:26:23.098Z,2026-04-19T08:26:23.098Z
ec6eefd2-97f0-4621-8231-40c9287555e6,FDA,K210463,,U.S. Food and Drug Administration,pending,2021-02-16,,FDA,K210463,2026-04-19T08:26:23.098Z,2026-04-19T08:26:23.098Z
41fbe114-1b02-4304-85af-ce8924d2fdd7,FDA,K202086,,U.S. Food and Drug Administration,pending,2020-07-27,,FDA,K202086,2026-04-19T08:26:23.098Z,2026-04-19T08:26:23.098Z
c9a4c01f-f9cc-4c9d-9dc5-371d9ff7ecbd,FDA,K960942,,U.S. Food and Drug Administration,pending,1996-02-13,,FDA,K960942,2026-04-19T08:26:23.098Z,2026-04-19T08:26:23.098Z
7bcab182-9c1b-4485-9d13-faf847f2d13f,FDA,K895637,,U.S. Food and Drug Administration,pending,1989-09-19,,FDA,K895637,2026-04-19T08:26:23.098Z,2026-04-19T08:26:23.098Z
1f2c87bd-b471-49e3-8b7b-8f6cff88f14c,FDA,K032071,,U.S. Food and Drug Administration,pending,2003-07-03,,FDA,K032071,2026-04-19T08:26:23.098Z,2026-04-19T08:26:23.098Z
49e3b172-ab11-46ff-a2f4-3e7f6d72a30d,FDA,K010875,,U.S. Food and Drug Administration,pending,2001-03-23,,FDA,K010875,2026-04-19T08:26:23.098Z,2026-04-19T08:26:23.098Z
4ccb83ea-d471-4e3c-b074-b82fb566afa7,FDA,K111240,,U.S. Food and Drug Administration,pending,2011-05-03,,FDA,K111240,2026-04-19T08:26:23.098Z,2026-04-19T08:26:23.098Z
2cd0ec11-1134-4bcc-83d3-89fc2bed2efa,FDA,K163267,,U.S. Food and Drug Administration,pending,2016-11-21,,FDA,K163267,2026-04-19T08:26:23.098Z,2026-04-19T08:26:23.098Z
bf94f28c-5fcf-4a0e-8b19-4fd9d266b5a5,FDA,K210775,,U.S. Food and Drug Administration,pending,2021-03-15,,FDA,K210775,2026-04-19T08:26:23.098Z,2026-04-19T08:26:23.098Z
92f52aca-f065-4eba-8622-db548d3e7b24,FDA,K895576,,U.S. Food and Drug Administration,pending,1989-09-14,,FDA,K895576,2026-04-19T08:26:23.098Z,2026-04-19T08:26:23.098Z
871840b7-be78-4b21-a4e4-b6e638b0bfce,FDA,K222225,,U.S. Food and Drug Administration,pending,2022-07-25,,FDA,K222225,2026-04-19T08:26:23.098Z,2026-04-19T08:26:23.098Z
fb7c35ac-f663-4738-9938-192f5d57a6ad,FDA,K890779,,U.S. Food and Drug Administration,pending,1989-02-21,,FDA,K890779,2026-04-19T08:26:23.098Z,2026-04-19T08:26:23.098Z
1792cbbf-7435-405a-a391-c52175970c1a,FDA,K891114,,U.S. Food and Drug Administration,pending,1989-03-02,,FDA,K891114,2026-04-19T08:26:23.098Z,2026-04-19T08:26:23.098Z
7ec905b9-d41e-4201-8237-540fd3e90fb7,FDA,K011749,,U.S. Food and Drug Administration,pending,2001-05-31,,FDA,K011749,2026-04-19T08:26:23.098Z,2026-04-19T08:26:23.098Z
5f48f079-f544-4651-a77f-e9fd6298eece,FDA,K191800,,U.S. Food and Drug Administration,pending,2019-07-03,,FDA,K191800,2026-04-19T08:26:23.098Z,2026-04-19T08:26:23.098Z
a5316fda-da3c-4e99-8d3a-74a5b722f0dd,FDA,K220943,,U.S. Food and Drug Administration,pending,2022-03-31,,FDA,K220943,2026-04-19T08:26:23.098Z,2026-04-19T08:26:23.098Z
ea6de9f2-fd4c-4bf7-91e1-0eef19ec37a1,FDA,K201531,,U.S. Food and Drug Administration,pending,2020-06-08,,FDA,K201531,2026-04-19T08:26:23.098Z,2026-04-19T08:26:23.098Z
a04e9eb6-72b0-4cec-9361-82abd441a49f,FDA,K012899,,U.S. Food and Drug Administration,pending,2001-08-29,,FDA,K012899,2026-04-19T08:26:23.098Z,2026-04-19T08:26:23.098Z
7f1c0a9b-619d-406e-bcb3-026ced9dd281,FDA,K212467,,U.S. Food and Drug Administration,pending,2021-08-06,,FDA,K212467,2026-04-19T08:26:23.098Z,2026-04-19T08:26:23.098Z
3dedafb5-1a2a-4700-bced-7dddf86d0897,FDA,K003132,,U.S. Food and Drug Administration,pending,2000-10-06,,FDA,K003132,2026-04-19T08:26:23.098Z,2026-04-19T08:26:23.098Z
9a69847d-b16b-4aae-a9e6-e31d2bb1f658,FDA,K103619,,U.S. Food and Drug Administration,pending,2010-12-10,,FDA,K103619,2026-04-19T08:26:23.098Z,2026-04-19T08:26:23.098Z
dc49b6ec-dbd4-402f-948d-08c1a3249031,FDA,K892043,,U.S. Food and Drug Administration,pending,1989-03-31,,FDA,K892043,2026-04-19T08:26:23.098Z,2026-04-19T08:26:23.098Z
2dfa2073-10ff-43cb-86a6-f2b66ef27458,FDA,K012067,,U.S. Food and Drug Administration,pending,2001-07-02,,FDA,K012067,2026-04-19T08:26:23.098Z,2026-04-19T08:26:23.098Z
f60fd1d3-3a28-44c9-8f3d-a8e11ef16f93,FDA,K222713,,U.S. Food and Drug Administration,pending,2022-09-08,,FDA,K222713,2026-04-19T08:26:23.098Z,2026-04-19T08:26:23.098Z
1335b36b-c3fd-4677-b2f4-080503adbc9c,FDA,K203512,,U.S. Food and Drug Administration,pending,2020-11-30,,FDA,K203512,2026-04-19T08:26:23.098Z,2026-04-19T08:26:23.098Z
01f7008c-421b-4f88-b019-d6b89b0cf149,FDA,K823086,,U.S. Food and Drug Administration,pending,1982-10-19,,FDA,K823086,2026-04-19T08:26:23.098Z,2026-04-19T08:26:23.098Z
dff9cc5f-4888-4e92-ae77-d75b2ed0c64d,FDA,K801998,,U.S. Food and Drug Administration,pending,1980-08-20,,FDA,K801998,2026-04-19T08:26:23.098Z,2026-04-19T08:26:23.098Z
eb881b17-6e69-4570-93c2-089d7e75acd5,FDA,K024216,,U.S. Food and Drug Administration,pending,2002-12-23,,FDA,K024216,2026-04-19T08:26:23.098Z,2026-04-19T08:26:23.098Z
cbd2b5b5-62bc-4e86-8778-50aab34fd118,FDA,K901237,,U.S. Food and Drug Administration,pending,1990-03-15,,FDA,K901237,2026-04-19T08:26:23.098Z,2026-04-19T08:26:23.098Z
85e1771c-ac07-4642-a66d-c0266b9554c0,FDA,K982440,,U.S. Food and Drug Administration,pending,1998-07-14,,FDA,K982440,2026-04-19T08:26:23.098Z,2026-04-19T08:26:23.098Z
11a780f9-b24c-4f8f-b08e-8010bbc1e3d2,FDA,K082447,,U.S. Food and Drug Administration,pending,2008-08-25,,FDA,K082447,2026-04-19T08:26:23.098Z,2026-04-19T08:26:23.098Z
9e349fd5-2e7a-4b9a-a14f-cb3170de4235,FDA,K951662,,U.S. Food and Drug Administration,pending,1995-04-10,,FDA,K951662,2026-04-19T08:26:23.098Z,2026-04-19T08:26:23.098Z
4295cf4e-79b5-45ac-8481-6b09d169e0b0,FDA,K051498,,U.S. Food and Drug Administration,pending,2005-06-07,,FDA,K051498,2026-04-19T08:26:23.098Z,2026-04-19T08:26:23.098Z
102da42a-f204-4418-af14-1f5b3c1cedb9,FDA,K000330,,U.S. Food and Drug Administration,pending,2000-02-02,,FDA,K000330,2026-04-19T08:26:23.098Z,2026-04-19T08:26:23.098Z
68b9893e-02ac-4a7a-9e3c-8ffd577dc04d,FDA,K202008,,U.S. Food and Drug Administration,pending,2020-07-21,,FDA,K202008,2026-04-19T08:26:23.098Z,2026-04-19T08:26:23.098Z
b896938d-6abe-4a9e-83e6-ab65a121ce93,FDA,K221887,,U.S. Food and Drug Administration,pending,2022-06-29,,FDA,K221887,2026-04-19T08:26:23.098Z,2026-04-19T08:26:23.098Z
d6722649-24b2-42a2-acb9-c463bfbfd5d3,FDA,K990698,,U.S. Food and Drug Administration,pending,1999-03-03,,FDA,K990698,2026-04-19T08:26:23.098Z,2026-04-19T08:26:23.098Z
753ab4bb-e578-4ec5-8e8f-4cb68a236903,FDA,K172923,,U.S. Food and Drug Administration,pending,2017-09-25,,FDA,K172923,2026-04-19T08:26:23.098Z,2026-04-19T08:26:23.098Z
612a2c26-98ae-40c2-8ae1-f0210ce0dbb1,FDA,K100979,,U.S. Food and Drug Administration,pending,2010-04-08,,FDA,K100979,2026-04-19T08:26:23.098Z,2026-04-19T08:26:23.098Z
c898af8e-f910-4cf7-9e0c-b5546ba14af1,FDA,K213121,,U.S. Food and Drug Administration,pending,2021-09-27,,FDA,K213121,2026-04-19T08:26:23.098Z,2026-04-19T08:26:23.098Z
7b0dc278-ce78-41ba-acd1-b8d4ae1cb6a7,FDA,K001065,,U.S. Food and Drug Administration,pending,2000-04-03,,FDA,K001065,2026-04-19T08:26:23.098Z,2026-04-19T08:26:23.098Z
b1aa392d-8b7b-47c0-9bc2-da3aa2ed783f,FDA,K980421,,U.S. Food and Drug Administration,pending,1998-02-03,,FDA,K980421,2026-04-19T08:26:23.098Z,2026-04-19T08:26:23.098Z
2f19d0f9-44d8-45cb-8f91-3c12df3fb981,FDA,K100975,,U.S. Food and Drug Administration,pending,2010-04-09,,FDA,K100975,2026-04-19T08:26:23.098Z,2026-04-19T08:26:23.098Z
3a252870-994a-4323-96d6-060daa42be4c,FDA,K173137,,U.S. Food and Drug Administration,pending,2017-09-29,,FDA,K173137,2026-04-19T08:26:23.098Z,2026-04-19T08:26:23.099Z
7128423a-f781-4e11-938b-1d4bf4b30fb4,FDA,K112741,,U.S. Food and Drug Administration,pending,2011-09-21,,FDA,K112741,2026-04-19T08:26:23.099Z,2026-04-19T08:26:23.099Z
92d46c96-43a4-44b7-bd66-93a6d5732d62,FDA,K013821,,U.S. Food and Drug Administration,pending,2001-11-16,,FDA,K013821,2026-04-19T08:26:23.099Z,2026-04-19T08:26:23.099Z
c7a13def-b097-49cf-a6e8-70fe78418645,FDA,K202416,,U.S. Food and Drug Administration,pending,2020-08-24,,FDA,K202416,2026-04-19T08:26:23.099Z,2026-04-19T08:26:23.099Z
def53aff-5894-4ed1-a308-ed450295bbc9,FDA,K111134,,U.S. Food and Drug Administration,pending,2011-04-22,,FDA,K111134,2026-04-19T08:26:23.099Z,2026-04-19T08:26:23.099Z
762ce103-4768-447d-94ca-f3a93af790de,FDA,K212801,,U.S. Food and Drug Administration,pending,2021-09-02,,FDA,K212801,2026-04-19T08:26:23.099Z,2026-04-19T08:26:23.099Z
3063e69a-9cf0-4a15-a0be-3d5bc63ba16f,FDA,K111589,,U.S. Food and Drug Administration,pending,2011-06-07,,FDA,K111589,2026-04-19T08:26:23.099Z,2026-04-19T08:26:23.099Z
f9ba0782-a1ec-4719-b634-4984ba5bc5b2,FDA,K884417,,U.S. Food and Drug Administration,pending,1988-10-20,,FDA,K884417,2026-04-19T08:26:23.099Z,2026-04-19T08:26:23.099Z
b68d9e1e-6229-45eb-8c91-fd9fd14be2c6,FDA,K891739,,U.S. Food and Drug Administration,pending,1989-03-22,,FDA,K891739,2026-04-19T08:26:23.099Z,2026-04-19T08:26:23.099Z
1b542701-267f-402a-9860-1d67b7107dbf,FDA,K222298,,U.S. Food and Drug Administration,pending,2022-08-01,,FDA,K222298,2026-04-19T08:26:23.099Z,2026-04-19T08:26:23.099Z
d0736738-a47a-4e71-aebb-2619c1c7ab61,FDA,K905825,,U.S. Food and Drug Administration,pending,1990-12-31,,FDA,K905825,2026-04-19T08:26:23.099Z,2026-04-19T08:26:23.099Z
b71e107e-88d5-4494-b5fb-f08e73dfad87,FDA,K874225,,U.S. Food and Drug Administration,pending,1987-10-16,,FDA,K874225,2026-04-19T08:26:23.099Z,2026-04-19T08:26:23.099Z
2cfcf118-868e-44ba-9f6e-55745dd91266,FDA,K962622,,U.S. Food and Drug Administration,pending,1996-07-05,,FDA,K962622,2026-04-19T08:26:23.099Z,2026-04-19T08:26:23.099Z
84f0afb8-f26c-4896-ae23-b12719cbcaa6,FDA,K934969,,U.S. Food and Drug Administration,pending,1993-10-14,,FDA,K934969,2026-04-19T08:26:23.099Z,2026-04-19T08:26:23.099Z
89caa52b-600d-4863-a429-81553787d1f5,FDA,K991745,,U.S. Food and Drug Administration,pending,1999-05-21,,FDA,K991745,2026-04-19T08:26:23.099Z,2026-04-19T08:26:23.099Z
739cdc7b-245e-4805-a0be-69c9bbcd649e,FDA,K902677,,U.S. Food and Drug Administration,pending,1990-06-18,,FDA,K902677,2026-04-19T08:26:23.099Z,2026-04-19T08:26:23.099Z
38e95b86-ece6-4b03-9b3a-9d72658abeab,FDA,K913148,,U.S. Food and Drug Administration,pending,1991-07-16,,FDA,K913148,2026-04-19T08:26:23.099Z,2026-04-19T08:26:23.099Z
66098d72-7ce0-4d12-9674-029efaebc1f1,FDA,K862315,,U.S. Food and Drug Administration,pending,1986-06-18,,FDA,K862315,2026-04-19T08:26:23.099Z,2026-04-19T08:26:23.099Z
578925a4-d252-4780-8c42-b1145edf4bc0,FDA,K905735,,U.S. Food and Drug Administration,pending,1990-12-24,,FDA,K905735,2026-04-19T08:26:23.099Z,2026-04-19T08:26:23.099Z
46406590-8eb9-4f66-bfd6-ea4d84373bc7,FDA,K901225,,U.S. Food and Drug Administration,pending,1990-03-14,,FDA,K901225,2026-04-19T08:26:23.099Z,2026-04-19T08:26:23.099Z
325bf573-7901-4a50-9e31-3630502f54fa,FDA,K222625,,U.S. Food and Drug Administration,pending,2022-08-31,,FDA,K222625,2026-04-19T08:26:23.099Z,2026-04-19T08:26:23.099Z
64ce31de-4b51-4a27-aa11-e72fb0b1f4ed,FDA,K142166,,U.S. Food and Drug Administration,pending,2014-07-30,,FDA,K142166,2026-04-19T08:26:23.099Z,2026-04-19T08:26:23.099Z
132735cd-ef30-4345-9238-a3c7c593d6e9,FDA,K020053,,U.S. Food and Drug Administration,pending,2002-01-08,,FDA,K020053,2026-04-19T08:26:23.099Z,2026-04-19T08:26:23.099Z
8af406d9-0dc3-4351-b4fb-bef1e7371bce,FDA,K882762,,U.S. Food and Drug Administration,pending,1988-07-06,,FDA,K882762,2026-04-19T08:26:23.099Z,2026-04-19T08:26:23.099Z
c828931f-90f2-4689-98c1-4f8e07279775,FDA,K901053,,U.S. Food and Drug Administration,pending,1990-03-05,,FDA,K901053,2026-04-19T08:26:23.099Z,2026-04-19T08:26:23.099Z
7f37c9ca-3665-468a-af5f-59162e7535da,FDA,K231013,,U.S. Food and Drug Administration,pending,2023-04-10,,FDA,K231013,2026-04-19T08:26:23.099Z,2026-04-19T08:26:23.099Z
9de3c560-68a6-4289-a2a0-97086eeb07f5,FDA,K843155,,U.S. Food and Drug Administration,pending,1984-08-10,,FDA,K843155,2026-04-19T08:26:23.099Z,2026-04-19T08:26:23.099Z
b6b2a899-c2f3-444a-b88a-8c97dea176ea,FDA,K850005,,U.S. Food and Drug Administration,pending,1985-01-02,,FDA,K850005,2026-04-19T08:26:23.099Z,2026-04-19T08:26:23.099Z
48673ad1-5c26-4e19-83bb-33a9f05a4707,FDA,K926132,,U.S. Food and Drug Administration,pending,1992-12-07,,FDA,K926132,2026-04-19T08:26:23.099Z,2026-04-19T08:26:23.099Z
72866207-3b13-4005-adc6-d1a4121ee067,FDA,K942022,,U.S. Food and Drug Administration,pending,1994-04-26,,FDA,K942022,2026-04-19T08:26:23.099Z,2026-04-19T08:26:23.099Z
d518d02d-34eb-4e2b-abf7-141478e98e25,FDA,K240735,,U.S. Food and Drug Administration,pending,2024-03-18,,FDA,K240735,2026-04-19T08:26:23.099Z,2026-04-19T08:26:23.099Z
4f7b9395-e535-4c65-acc5-b102282ba464,FDA,K000390,,U.S. Food and Drug Administration,pending,2000-02-07,,FDA,K000390,2026-04-19T08:26:23.099Z,2026-04-19T08:26:23.099Z
326ba2f1-0185-4de0-a891-3b5d098d8b06,FDA,K111137,,U.S. Food and Drug Administration,pending,2011-04-22,,FDA,K111137,2026-04-19T08:26:23.099Z,2026-04-19T08:26:23.099Z
1dabdec1-431e-4f32-89e1-78251bacde46,FDA,K892451,,U.S. Food and Drug Administration,pending,1989-04-10,,FDA,K892451,2026-04-19T08:26:23.099Z,2026-04-19T08:26:23.099Z
7d439905-68ba-4b55-8ab7-3e143042cfb8,FDA,K896172,,U.S. Food and Drug Administration,pending,1989-10-25,,FDA,K896172,2026-04-19T08:26:23.099Z,2026-04-19T08:26:23.099Z
0ff38e08-4c45-4671-b563-605ebc366bdb,FDA,K952590,,U.S. Food and Drug Administration,pending,1995-06-05,,FDA,K952590,2026-04-19T08:26:23.099Z,2026-04-19T08:26:23.099Z
ff674590-2664-435a-9504-3bc2a529cc5d,FDA,K861019,,U.S. Food and Drug Administration,pending,1986-03-18,,FDA,K861019,2026-04-19T08:26:23.099Z,2026-04-19T08:26:23.099Z
12dc0ea1-fdf2-4dd1-bf97-a829a05f665d,FDA,K896476,,U.S. Food and Drug Administration,pending,1989-11-13,,FDA,K896476,2026-04-19T08:26:23.099Z,2026-04-19T08:26:23.099Z
8e08fd4d-8f96-47b4-a456-3603f378b1e9,FDA,K934171,,U.S. Food and Drug Administration,pending,1993-08-26,,FDA,K934171,2026-04-19T08:26:23.099Z,2026-04-19T08:26:23.099Z
b447b632-4cda-4dd9-a589-cef9cbd21dc2,FDA,K950798,,U.S. Food and Drug Administration,pending,1995-02-21,,FDA,K950798,2026-04-19T08:26:23.099Z,2026-04-19T08:26:23.099Z
d2a6ab5d-a94c-4045-980e-173b334e0fc1,FDA,K000398,,U.S. Food and Drug Administration,pending,2000-02-07,,FDA,K000398,2026-04-19T08:26:23.099Z,2026-04-19T08:26:23.099Z
491401da-3bb3-412a-bb9d-5796c0b9f26f,FDA,K874679,,U.S. Food and Drug Administration,pending,1987-11-13,,FDA,K874679,2026-04-19T08:26:23.099Z,2026-04-19T08:26:23.099Z
14e0fc51-47f5-4161-8ae2-e2c20cfe2991,FDA,K951003,,U.S. Food and Drug Administration,pending,1995-02-15,,FDA,K951003,2026-04-19T08:26:23.099Z,2026-04-19T08:26:23.099Z
2e3c1fa2-a55c-472c-9277-1be0880fa899,FDA,K910811,,U.S. Food and Drug Administration,pending,1991-02-26,,FDA,K910811,2026-04-19T08:26:23.099Z,2026-04-19T08:26:23.099Z
c995038c-7b7d-4894-a15e-2966d1aee6c1,FDA,K882026,,U.S. Food and Drug Administration,pending,1988-05-13,,FDA,K882026,2026-04-19T08:26:23.099Z,2026-04-19T08:26:23.099Z
b89db883-572f-4aea-927f-414b9f2f8f5e,FDA,K881232,,U.S. Food and Drug Administration,pending,1988-03-22,,FDA,K881232,2026-04-19T08:26:23.099Z,2026-04-19T08:26:23.099Z
ef57d2c7-e41c-4c35-a622-185c9b8cdec6,FDA,K934459,,U.S. Food and Drug Administration,pending,1993-09-10,,FDA,K934459,2026-04-19T08:26:23.099Z,2026-04-19T08:26:23.099Z
4eebcb91-0ca7-4eb2-8056-9605ad13ae31,FDA,K880490,,U.S. Food and Drug Administration,pending,1988-02-04,,FDA,K880490,2026-04-19T08:26:23.099Z,2026-04-19T08:26:23.099Z
f8bcc575-9f6a-4412-bb16-949984a280c2,FDA,K790639,,U.S. Food and Drug Administration,pending,1979-03-30,,FDA,K790639,2026-04-19T08:26:23.099Z,2026-04-19T08:26:23.099Z
7b1c2d34-bca8-4593-8c53-79b3e0c313e5,FDA,K843602,,U.S. Food and Drug Administration,pending,1984-09-12,,FDA,K843602,2026-04-19T08:26:23.099Z,2026-04-19T08:26:23.099Z
d561e777-77fd-43ca-9705-854ead815e71,FDA,K852943,,U.S. Food and Drug Administration,pending,1985-07-11,,FDA,K852943,2026-04-19T08:26:23.099Z,2026-04-19T08:26:23.099Z
42b17dd9-5c06-45ce-aacf-1f8450c03a34,FDA,K875302,,U.S. Food and Drug Administration,pending,1987-12-29,,FDA,K875302,2026-04-19T08:26:23.099Z,2026-04-19T08:26:23.099Z
4557c320-32eb-43e8-b902-87e14e9033d6,FDA,K210147,,U.S. Food and Drug Administration,pending,2021-01-21,,FDA,K210147,2026-04-19T08:26:23.099Z,2026-04-19T08:26:23.099Z
18c12076-ebbc-41ad-b25f-53b80a025803,FDA,K241705,,U.S. Food and Drug Administration,pending,2024-06-13,,FDA,K241705,2026-04-19T08:26:23.099Z,2026-04-19T08:26:23.099Z
de512bc5-66f1-4538-af30-4beca2346fb0,FDA,K933755,,U.S. Food and Drug Administration,pending,1993-05-05,,FDA,K933755,2026-04-19T08:26:23.099Z,2026-04-19T08:26:23.099Z
3f61b50e-b7d5-419d-835e-1c57e4c504f9,FDA,K883096,,U.S. Food and Drug Administration,pending,1988-07-22,,FDA,K883096,2026-04-19T08:26:23.099Z,2026-04-19T08:26:23.099Z
4f790de6-da92-4885-8695-f0f7c1fc26a9,FDA,K884220,,U.S. Food and Drug Administration,pending,1988-10-06,,FDA,K884220,2026-04-19T08:26:23.099Z,2026-04-19T08:26:23.099Z
243753d3-e5ec-483c-881e-2b25e81cec7f,FDA,K992419,,U.S. Food and Drug Administration,pending,1999-07-20,,FDA,K992419,2026-04-19T08:26:23.099Z,2026-04-19T08:26:23.099Z
d411fcea-f85b-4743-acad-34d028667eb6,FDA,K780263,,U.S. Food and Drug Administration,pending,1978-02-17,,FDA,K780263,2026-04-19T08:26:23.099Z,2026-04-19T08:26:23.099Z
48c0616b-57df-4de2-8e38-5f262da19880,FDA,K964855,,U.S. Food and Drug Administration,pending,1996-12-04,,FDA,K964855,2026-04-19T08:26:23.099Z,2026-04-19T08:26:23.099Z
ef7b8660-808e-4a5b-91f8-b5a417c1ea9b,FDA,K832590,,U.S. Food and Drug Administration,pending,1983-08-02,,FDA,K832590,2026-04-19T08:26:23.099Z,2026-04-19T08:26:23.099Z
6ae1914e-a9db-466e-9e99-c35d0ad7b775,FDA,K896681,,U.S. Food and Drug Administration,pending,1989-11-27,,FDA,K896681,2026-04-19T08:26:23.099Z,2026-04-19T08:26:23.099Z
6f79be59-403c-4e91-91c9-3b984f6f333a,FDA,K934206,,U.S. Food and Drug Administration,pending,1993-08-30,,FDA,K934206,2026-04-19T08:26:23.099Z,2026-04-19T08:26:23.099Z
96ee686e-8243-4aa4-b3ed-7e2e5f32ca14,FDA,K991746,,U.S. Food and Drug Administration,pending,1999-05-21,,FDA,K991746,2026-04-19T08:26:23.099Z,2026-04-19T08:26:23.099Z
501aab86-42fd-4e98-b63c-00c651eac196,FDA,K922716,,U.S. Food and Drug Administration,pending,1992-06-05,,FDA,K922716,2026-04-19T08:26:23.099Z,2026-04-19T08:26:23.099Z
c39d7a2c-00a4-41f7-bc3c-1de014a0dc68,FDA,K010078,,U.S. Food and Drug Administration,pending,2001-01-10,,FDA,K010078,2026-04-19T08:26:23.099Z,2026-04-19T08:26:23.099Z
2648f974-2ed5-4ed0-acd8-e48fbe0b6ca5,FDA,K162562,,U.S. Food and Drug Administration,pending,2016-09-14,,FDA,K162562,2026-04-19T08:26:23.099Z,2026-04-19T08:26:23.099Z
788aac42-0a2e-4e06-9bb5-08902134729f,FDA,K820759,,U.S. Food and Drug Administration,pending,1982-03-22,,FDA,K820759,2026-04-19T08:26:23.099Z,2026-04-19T08:26:23.099Z
0041c4a9-ffb9-4ea6-be26-8142ee839e30,FDA,K882028,,U.S. Food and Drug Administration,pending,1988-05-13,,FDA,K882028,2026-04-19T08:26:23.099Z,2026-04-19T08:26:23.099Z
71c869ab-71c9-4a97-b0be-0ed042d90108,FDA,K841953,,U.S. Food and Drug Administration,pending,1984-05-14,,FDA,K841953,2026-04-19T08:26:23.099Z,2026-04-19T08:26:23.099Z
c2dcde2c-3f3f-486c-bdd5-4d976465a153,FDA,K052743,,U.S. Food and Drug Administration,pending,2005-09-30,,FDA,K052743,2026-04-19T08:26:23.099Z,2026-04-19T08:26:23.099Z
bc9de510-24a9-4a15-9e93-003ba72696a2,FDA,K913896,,U.S. Food and Drug Administration,pending,1991-08-30,,FDA,K913896,2026-04-19T08:26:23.099Z,2026-04-19T08:26:23.099Z
3ecc830f-de3a-45f3-8c2f-53d7ce8f5e46,FDA,K854729,,U.S. Food and Drug Administration,pending,1985-11-25,,FDA,K854729,2026-04-19T08:26:23.099Z,2026-04-19T08:26:23.099Z
1f8f25e0-8f66-4753-b848-b93253b3c35e,FDA,K801934,,U.S. Food and Drug Administration,pending,1980-08-12,,FDA,K801934,2026-04-19T08:26:23.099Z,2026-04-19T08:26:23.099Z
abfe323e-1d7c-4cd0-af19-69d5ee460467,FDA,K873810,,U.S. Food and Drug Administration,pending,1987-09-18,,FDA,K873810,2026-04-19T08:26:23.099Z,2026-04-19T08:26:23.099Z
96d8f59a-1213-4c66-8167-7b4574eeabef,FDA,K760927,,U.S. Food and Drug Administration,pending,1976-10-28,,FDA,K760927,2026-04-19T08:26:23.099Z,2026-04-19T08:26:23.099Z
3efe31de-e6c6-4c60-9049-b8420be67b70,FDA,K972757,,U.S. Food and Drug Administration,pending,1997-07-23,,FDA,K972757,2026-04-19T08:26:23.099Z,2026-04-19T08:26:23.099Z
bd4365f9-5b26-421f-9828-0c4e4993f04b,FDA,K874224,,U.S. Food and Drug Administration,pending,1987-10-16,,FDA,K874224,2026-04-19T08:26:23.099Z,2026-04-19T08:26:23.099Z
cb63ecbc-cb9c-43a9-a80a-49f37140424e,FDA,K962286,,U.S. Food and Drug Administration,pending,1996-06-14,,FDA,K962286,2026-04-19T08:26:23.099Z,2026-04-19T08:26:23.099Z
a094e3f3-ce0f-48b2-be56-141d7329718d,FDA,K952589,,U.S. Food and Drug Administration,pending,1995-06-05,,FDA,K952589,2026-04-19T08:26:23.099Z,2026-04-19T08:26:23.099Z
4ec3e33f-a20e-4834-a5d8-db1b13ca274b,FDA,K000217,,U.S. Food and Drug Administration,pending,2000-01-24,,FDA,K000217,2026-04-19T08:26:23.099Z,2026-04-19T08:26:23.099Z
3ca38aa6-6032-446b-a825-ecb0ebfbfb69,FDA,K121946,,U.S. Food and Drug Administration,pending,2012-07-03,,FDA,K121946,2026-04-19T08:26:23.099Z,2026-04-19T08:26:23.099Z
a42ba780-18f2-4c24-ba53-d52758b6ec7c,FDA,K942992,,U.S. Food and Drug Administration,pending,1994-06-20,,FDA,K942992,2026-04-19T08:26:23.099Z,2026-04-19T08:26:23.099Z
b478399b-60c3-4653-839a-009bf8dbbc3f,FDA,K883658,,U.S. Food and Drug Administration,pending,1988-08-26,,FDA,K883658,2026-04-19T08:26:23.099Z,2026-04-19T08:26:23.099Z
55e36434-6341-49b3-bec2-b8ba69aace4e,FDA,K170103,,U.S. Food and Drug Administration,pending,2017-01-12,,FDA,K170103,2026-04-19T08:26:23.099Z,2026-04-19T08:26:23.099Z
d5df3c14-1731-4aae-b5b5-0cdf6b8bb255,FDA,K770407,,U.S. Food and Drug Administration,pending,1977-03-04,,FDA,K770407,2026-04-19T08:26:23.099Z,2026-04-19T08:26:23.099Z
baf246f3-5a02-4d1d-b5ef-f5c19a3720eb,FDA,K950666,,U.S. Food and Drug Administration,pending,1995-02-13,,FDA,K950666,2026-04-19T08:26:23.099Z,2026-04-19T08:26:23.099Z
0ec54906-65e9-41d0-a7b7-8919cfbb8133,FDA,K911407,,U.S. Food and Drug Administration,pending,1991-03-29,,FDA,K911407,2026-04-19T08:26:23.099Z,2026-04-19T08:26:23.099Z
36a3df50-7eac-4eea-bada-6be5044cb671,FDA,K221533,,U.S. Food and Drug Administration,pending,2022-05-27,,FDA,K221533,2026-04-19T08:26:23.099Z,2026-04-19T08:26:23.099Z
9b72bf3f-f0a2-4295-863e-b8dcdfd1ceac,FDA,K912863,,U.S. Food and Drug Administration,pending,1991-06-28,,FDA,K912863,2026-04-19T08:26:23.099Z,2026-04-19T08:26:23.099Z
f647a011-e339-403a-82fc-82327ee73784,FDA,K900093,,U.S. Food and Drug Administration,pending,1990-01-08,,FDA,K900093,2026-04-19T08:26:23.099Z,2026-04-19T08:26:23.099Z
2daff099-ff09-47ce-8a97-fc79036fda00,FDA,K952591,,U.S. Food and Drug Administration,pending,1995-06-05,,FDA,K952591,2026-04-19T08:26:23.099Z,2026-04-19T08:26:23.099Z
31cfa10a-c073-48cb-9201-b443bc85058c,FDA,K123344,,U.S. Food and Drug Administration,pending,2012-10-31,,FDA,K123344,2026-04-19T08:26:23.099Z,2026-04-19T08:26:23.099Z
e380bafd-c08a-4799-9376-03097f170a10,FDA,K875008,,U.S. Food and Drug Administration,pending,1987-12-04,,FDA,K875008,2026-04-19T08:26:23.099Z,2026-04-19T08:26:23.099Z
253028cd-1105-45fc-b700-8a988beb8e9c,FDA,K964114,,U.S. Food and Drug Administration,pending,1996-10-15,,FDA,K964114,2026-04-19T08:26:23.099Z,2026-04-19T08:26:23.099Z
a67d09aa-39d6-4b96-94a2-d6e28bdfd05e,FDA,K843961,,U.S. Food and Drug Administration,pending,1984-10-11,,FDA,K843961,2026-04-19T08:26:23.099Z,2026-04-19T08:26:23.099Z
7bc8904f-84b2-4d84-a279-b3b269d1f447,FDA,K192411,,U.S. Food and Drug Administration,pending,2019-09-04,,FDA,K192411,2026-04-19T08:26:23.099Z,2026-04-19T08:26:23.099Z
0574e9d2-e11a-4817-9a06-c444abf4f356,FDA,K230408,,U.S. Food and Drug Administration,pending,2023-02-15,,FDA,K230408,2026-04-19T08:26:23.099Z,2026-04-19T08:26:23.099Z
6f622524-01ab-468e-a423-087ffdf02179,FDA,K902558,,U.S. Food and Drug Administration,pending,1990-06-11,,FDA,K902558,2026-04-19T08:26:23.099Z,2026-04-19T08:26:23.099Z
d9fb2e34-ef0e-452e-85dd-2d3a0380c507,FDA,K883823,,U.S. Food and Drug Administration,pending,1988-09-07,,FDA,K883823,2026-04-19T08:26:23.099Z,2026-04-19T08:26:23.099Z
4955560e-07db-4119-8d76-d4444b849c9c,FDA,K912576,,U.S. Food and Drug Administration,pending,1991-06-12,,FDA,K912576,2026-04-19T08:26:23.099Z,2026-04-19T08:26:23.099Z
2eabeaab-beeb-4b6b-96bd-ba8976a3ffd8,FDA,K915676,,U.S. Food and Drug Administration,pending,1991-12-19,,FDA,K915676,2026-04-19T08:26:23.099Z,2026-04-19T08:26:23.099Z
ab29bc7e-1b7a-466d-8e67-b2bfe10bf221,FDA,K924089,,U.S. Food and Drug Administration,pending,1992-08-13,,FDA,K924089,2026-04-19T08:26:23.099Z,2026-04-19T08:26:23.099Z
30e558e4-7f21-4e67-97d6-3d306e7f2d19,FDA,K892890,,U.S. Food and Drug Administration,pending,1989-04-20,,FDA,K892890,2026-04-19T08:26:23.099Z,2026-04-19T08:26:23.099Z
9a4b50e9-42d4-4ae9-ba94-16d26638fe2d,FDA,K875194,,U.S. Food and Drug Administration,pending,1987-12-17,,FDA,K875194,2026-04-19T08:26:23.099Z,2026-04-19T08:26:23.099Z
1d2d5829-75ba-4da1-a2a1-bbbdcdbda28c,FDA,K861357,,U.S. Food and Drug Administration,pending,1986-04-10,,FDA,K861357,2026-04-19T08:26:23.099Z,2026-04-19T08:26:23.099Z
73ee635a-8cbc-488f-afa6-a3d068e31588,FDA,K093477,,U.S. Food and Drug Administration,pending,2009-11-09,,FDA,K093477,2026-04-19T08:26:23.099Z,2026-04-19T08:26:23.099Z
da1c33fb-0a1d-4312-b930-4b8ed062f974,FDA,K881913,,U.S. Food and Drug Administration,pending,1988-05-09,,FDA,K881913,2026-04-19T08:26:23.099Z,2026-04-19T08:26:23.099Z
012f1aab-f390-4d45-92c6-b7b015abb305,FDA,K952628,,U.S. Food and Drug Administration,pending,1995-06-08,,FDA,K952628,2026-04-19T08:26:23.099Z,2026-04-19T08:26:23.099Z
c7ff20a6-632d-44b6-9ef4-ed6cc25b3fbd,FDA,K081633,,U.S. Food and Drug Administration,pending,2008-06-11,,FDA,K081633,2026-04-19T08:26:23.102Z,2026-04-19T08:26:23.102Z
2d4226fb-3cbe-436c-811b-bf61d11ac6a9,FDA,K964723,,U.S. Food and Drug Administration,pending,1996-11-25,,FDA,K964723,2026-04-19T08:26:23.102Z,2026-04-19T08:26:23.102Z
f31f21aa-e977-472a-9261-5e239761dd78,FDA,K001892,,U.S. Food and Drug Administration,pending,2000-06-21,,FDA,K001892,2026-04-19T08:26:23.102Z,2026-04-19T08:26:23.102Z
dae55165-53ea-4013-b2e0-77afc8e501f3,FDA,K201732,,U.S. Food and Drug Administration,pending,2020-06-25,,FDA,K201732,2026-04-19T08:26:23.102Z,2026-04-19T08:26:23.102Z
57c1d69e-ef6e-4cb2-a330-f2c3746ebb7e,FDA,K062475,,U.S. Food and Drug Administration,pending,2006-08-24,,FDA,K062475,2026-04-19T08:26:23.102Z,2026-04-19T08:26:23.102Z
d3f4d1e4-7448-4066-a98c-6bc0140e2120,FDA,K820493,,U.S. Food and Drug Administration,pending,1982-02-23,,FDA,K820493,2026-04-19T08:26:23.102Z,2026-04-19T08:26:23.102Z
4281e518-7828-43bb-926f-3dac848ed26a,FDA,K760306,,U.S. Food and Drug Administration,pending,1976-07-23,,FDA,K760306,2026-04-19T08:26:23.102Z,2026-04-19T08:26:23.102Z
31153d2c-fc07-45bc-ac80-899e8b9cbd7f,FDA,K001893,,U.S. Food and Drug Administration,pending,2000-06-21,,FDA,K001893,2026-04-19T08:26:23.102Z,2026-04-19T08:26:23.102Z
94dbfe2d-275b-43ee-8788-899437034bb5,FDA,K860871,,U.S. Food and Drug Administration,pending,1986-02-25,,FDA,K860871,2026-04-19T08:26:23.102Z,2026-04-19T08:26:23.102Z
73dc5e79-ae56-4371-8d53-0cbbc00462ee,FDA,K130304,,U.S. Food and Drug Administration,pending,2013-02-07,,FDA,K130304,2026-04-19T08:26:23.102Z,2026-04-19T08:26:23.102Z
c1a9b5ea-115f-4ad6-9b4f-63be422ef96f,FDA,K760219,,U.S. Food and Drug Administration,pending,1976-07-12,,FDA,K760219,2026-04-19T08:26:23.102Z,2026-04-19T08:26:23.102Z
12cba916-e9dc-4e5a-8e05-db9e45a87148,FDA,K931288,,U.S. Food and Drug Administration,pending,1993-03-12,,FDA,K931288,2026-04-19T08:26:23.102Z,2026-04-19T08:26:23.102Z
d865159c-05a9-45b2-8604-e8097ba29bbe,FDA,K760951,,U.S. Food and Drug Administration,pending,1976-11-01,,FDA,K760951,2026-04-19T08:26:23.102Z,2026-04-19T08:26:23.102Z
6798e829-3470-4767-aad3-990b5c94bb6b,FDA,K935723,,U.S. Food and Drug Administration,pending,1993-11-24,,FDA,K935723,2026-04-19T08:26:23.102Z,2026-04-19T08:26:23.102Z
42ac45bd-98c4-4709-bc29-e5fbc1243842,FDA,K853797,,U.S. Food and Drug Administration,pending,1985-09-11,,FDA,K853797,2026-04-19T08:26:23.102Z,2026-04-19T08:26:23.102Z
444c9c8a-b405-4d52-a9fa-421feaabd142,FDA,K150826,,U.S. Food and Drug Administration,pending,2015-03-30,,FDA,K150826,2026-04-19T08:26:23.102Z,2026-04-19T08:26:23.102Z
cfeff2a8-cc7d-488c-8d2b-d9abde6954cd,FDA,K953102,,U.S. Food and Drug Administration,pending,1995-07-03,,FDA,K953102,2026-04-19T08:26:23.102Z,2026-04-19T08:26:23.102Z
b1c02082-6cb8-4c1d-b33a-b0c25211a09c,FDA,K893939,,U.S. Food and Drug Administration,pending,1989-05-31,,FDA,K893939,2026-04-19T08:26:23.102Z,2026-04-19T08:26:23.102Z
4e74ec8c-1ffb-42b9-8564-25353d1c235a,FDA,K251300,,U.S. Food and Drug Administration,pending,2025-04-28,,FDA,K251300,2026-04-19T08:26:23.102Z,2026-04-19T08:26:23.102Z
6eabd595-34c0-4c14-a7cf-b27ce8d54ae5,FDA,K101378,,U.S. Food and Drug Administration,pending,2010-05-17,,FDA,K101378,2026-04-19T08:26:23.102Z,2026-04-19T08:26:23.102Z
630f086f-49db-49e7-b51e-6890a7435c8f,FDA,K153489,,U.S. Food and Drug Administration,pending,2015-12-04,,FDA,K153489,2026-04-19T08:26:23.102Z,2026-04-19T08:26:23.102Z
4f17a70f-1a2d-4696-aa7d-fb5988b98d8f,FDA,K862861,,U.S. Food and Drug Administration,pending,1986-07-29,,FDA,K862861,2026-04-19T08:26:23.102Z,2026-04-19T08:26:23.102Z
2e1a5995-9f72-4b9b-b027-8265efa92aa0,FDA,K952677,,U.S. Food and Drug Administration,pending,1995-06-12,,FDA,K952677,2026-04-19T08:26:23.102Z,2026-04-19T08:26:23.102Z
5b33da76-0b6a-4120-9f1b-661330661276,FDA,K081137,,U.S. Food and Drug Administration,pending,2008-04-21,,FDA,K081137,2026-04-19T08:26:23.102Z,2026-04-19T08:26:23.102Z
dda37ab6-152b-45d5-b9c1-e9576d2e9a63,FDA,K932493,,U.S. Food and Drug Administration,pending,1993-05-24,,FDA,K932493,2026-04-19T08:26:23.102Z,2026-04-19T08:26:23.102Z
de738d4d-fca2-4818-a91b-66f6877c8502,FDA,K141324,,U.S. Food and Drug Administration,pending,2014-05-20,,FDA,K141324,2026-04-19T08:26:23.102Z,2026-04-19T08:26:23.102Z
def9f794-f000-4d8d-93da-28c2a230b46d,FDA,K911852,,U.S. Food and Drug Administration,pending,1991-04-26,,FDA,K911852,2026-04-19T08:26:23.102Z,2026-04-19T08:26:23.102Z
8ffb1555-fb04-4751-91fe-6a90c63bda00,FDA,K844858,,U.S. Food and Drug Administration,pending,1984-12-14,,FDA,K844858,2026-04-19T08:26:23.102Z,2026-04-19T08:26:23.102Z
50c2a7d1-0459-4a94-a285-e5af06bec130,FDA,K183183,,U.S. Food and Drug Administration,pending,2018-11-19,,FDA,K183183,2026-04-19T08:26:23.102Z,2026-04-19T08:26:23.102Z
a107cd66-d505-430e-812e-16ea4aac74c7,FDA,K812831,,U.S. Food and Drug Administration,pending,1981-10-09,,FDA,K812831,2026-04-19T08:26:23.102Z,2026-04-19T08:26:23.102Z
13f9c523-3752-4518-8d48-c90544a37532,FDA,K914520,,U.S. Food and Drug Administration,pending,1991-10-10,,FDA,K914520,2026-04-19T08:26:23.102Z,2026-04-19T08:26:23.102Z
5a10df72-1efe-41a4-8036-e859fcd2ac20,FDA,K791952,,U.S. Food and Drug Administration,pending,1979-10-01,,FDA,K791952,2026-04-19T08:26:23.102Z,2026-04-19T08:26:23.102Z
79300b66-0950-4615-ada3-332314d406b6,FDA,K894670,,U.S. Food and Drug Administration,pending,1989-06-02,,FDA,K894670,2026-04-19T08:26:23.102Z,2026-04-19T08:26:23.102Z
d5fe9940-aa8b-453e-896e-fa00a5bd3dc0,FDA,K943540,,U.S. Food and Drug Administration,pending,1994-07-22,,FDA,K943540,2026-04-19T08:26:23.102Z,2026-04-19T08:26:23.102Z
bb40b0c9-62ad-477c-b11b-632b9a539878,FDA,K932451,,U.S. Food and Drug Administration,pending,1993-05-20,,FDA,K932451,2026-04-19T08:26:23.102Z,2026-04-19T08:26:23.102Z
dd208d56-76df-4b1f-9820-e854e7b9c227,FDA,K771009,,U.S. Food and Drug Administration,pending,1977-06-03,,FDA,K771009,2026-04-19T08:26:23.102Z,2026-04-19T08:26:23.102Z
2384c5aa-97ea-4659-8043-2c9b66305f2c,FDA,K883338,,U.S. Food and Drug Administration,pending,1988-08-09,,FDA,K883338,2026-04-19T08:26:23.102Z,2026-04-19T08:26:23.102Z
766e55d7-776d-4753-b4a7-991bb8c3b22c,FDA,K011721,,U.S. Food and Drug Administration,pending,2001-06-04,,FDA,K011721,2026-04-19T08:26:23.102Z,2026-04-19T08:26:23.102Z
843469e4-6d7f-4391-93c2-69fb7adf475f,FDA,K932376,,U.S. Food and Drug Administration,pending,1993-05-17,,FDA,K932376,2026-04-19T08:26:23.103Z,2026-04-19T08:26:23.103Z
ef1e6478-0571-4645-8b37-6c0308825200,FDA,K132802,,U.S. Food and Drug Administration,pending,2013-09-06,,FDA,K132802,2026-04-19T08:26:23.103Z,2026-04-19T08:26:23.103Z
b93bc1db-c792-4c4d-a73d-09cc4ad11873,FDA,K802641,,U.S. Food and Drug Administration,pending,1980-10-24,,FDA,K802641,2026-04-19T08:26:23.103Z,2026-04-19T08:26:23.103Z
7ee68338-6e92-4fe5-9c56-a9f71868e224,FDA,K911268,,U.S. Food and Drug Administration,pending,1991-03-22,,FDA,K911268,2026-04-19T08:26:23.103Z,2026-04-19T08:26:23.103Z
3ca21374-1462-48c8-8037-e37a8477f363,FDA,K202505,,U.S. Food and Drug Administration,pending,2020-08-31,,FDA,K202505,2026-04-19T08:26:23.103Z,2026-04-19T08:26:23.103Z
f99f4316-c708-4684-a65d-307a81c17ba3,FDA,K945369,,U.S. Food and Drug Administration,pending,1994-08-25,,FDA,K945369,2026-04-19T08:26:23.103Z,2026-04-19T08:26:23.103Z
361aeceb-e6bb-4c60-8911-92a15300e08f,FDA,K974313,,U.S. Food and Drug Administration,pending,1997-11-17,,FDA,K974313,2026-04-19T08:26:23.103Z,2026-04-19T08:26:23.103Z
a89ffe39-553d-4d00-b8e5-5cdf16485a8c,FDA,K894785,,U.S. Food and Drug Administration,pending,1989-07-27,,FDA,K894785,2026-04-19T08:26:23.103Z,2026-04-19T08:26:23.103Z
01210a2e-122a-4b4a-aff1-17f3b7c11469,FDA,K032119,,U.S. Food and Drug Administration,pending,2003-07-09,,FDA,K032119,2026-04-19T08:26:23.103Z,2026-04-19T08:26:23.103Z
c3d2437f-c9ad-42ff-ace0-d96999fcc0cd,FDA,K171155,,U.S. Food and Drug Administration,pending,2017-04-20,,FDA,K171155,2026-04-19T08:26:23.103Z,2026-04-19T08:26:23.103Z
3cda06b6-4ddb-4e0f-a96b-02aa6276d20f,FDA,K905655,,U.S. Food and Drug Administration,pending,1990-12-18,,FDA,K905655,2026-04-19T08:26:23.103Z,2026-04-19T08:26:23.103Z
13deb1c1-6543-40ec-a54a-f3cd3bb35abf,FDA,K202184,,U.S. Food and Drug Administration,pending,2020-08-04,,FDA,K202184,2026-04-19T08:26:23.103Z,2026-04-19T08:26:23.103Z
96301eb8-a4b3-443d-9785-16baa15519a3,FDA,K895739,,U.S. Food and Drug Administration,pending,1989-09-26,,FDA,K895739,2026-04-19T08:26:23.103Z,2026-04-19T08:26:23.103Z
d92e83bd-3d18-4522-a0b0-d4d25790fbc4,FDA,K202944,,U.S. Food and Drug Administration,pending,2020-09-30,,FDA,K202944,2026-04-19T08:26:23.103Z,2026-04-19T08:26:23.103Z
f3c9067e-761b-4a53-9aad-5b95f15fa883,FDA,K160065,,U.S. Food and Drug Administration,pending,2016-01-13,,FDA,K160065,2026-04-19T08:26:23.103Z,2026-04-19T08:26:23.103Z
64e6248b-c2b0-4252-8f85-45cb57b447e1,FDA,K083644,,U.S. Food and Drug Administration,pending,2008-12-09,,FDA,K083644,2026-04-19T08:26:23.103Z,2026-04-19T08:26:23.103Z
d1a409c8-14b4-4953-9705-ba39f92602bc,FDA,K914758,,U.S. Food and Drug Administration,pending,1991-10-22,,FDA,K914758,2026-04-19T08:26:23.103Z,2026-04-19T08:26:23.103Z
573f544f-b86f-4ce3-9159-84e21162f8a3,FDA,K032207,,U.S. Food and Drug Administration,pending,2003-07-18,,FDA,K032207,2026-04-19T08:26:23.103Z,2026-04-19T08:26:23.103Z
65b545f1-9f08-433e-877f-ad7b39e122b9,FDA,K861288,,U.S. Food and Drug Administration,pending,1986-04-07,,FDA,K861288,2026-04-19T08:26:23.103Z,2026-04-19T08:26:23.103Z
6ce69af0-2c95-48c1-b107-182495690049,FDA,K790631,,U.S. Food and Drug Administration,pending,1979-04-03,,FDA,K790631,2026-04-19T08:26:23.103Z,2026-04-19T08:26:23.103Z
38488788-7c5d-461e-94e6-761f7c8b1457,FDA,K820086,,U.S. Food and Drug Administration,pending,1982-01-12,,FDA,K820086,2026-04-19T08:26:23.103Z,2026-04-19T08:26:23.103Z
c872d478-7600-4185-8c8b-f988204c7495,FDA,K113475,,U.S. Food and Drug Administration,pending,2011-11-22,,FDA,K113475,2026-04-19T08:26:23.103Z,2026-04-19T08:26:23.103Z
033954e3-fedf-448b-9430-c3045d447820,FDA,K831372,,U.S. Food and Drug Administration,pending,1983-04-27,,FDA,K831372,2026-04-19T08:26:23.103Z,2026-04-19T08:26:23.103Z
3fda256d-7437-4743-bffc-dfd272b05635,FDA,K790642,,U.S. Food and Drug Administration,pending,1979-03-30,,FDA,K790642,2026-04-19T08:26:23.103Z,2026-04-19T08:26:23.103Z
800ceb59-48c7-45a7-b864-6f8f4a8cb9cb,FDA,K844759,,U.S. Food and Drug Administration,pending,1984-12-07,,FDA,K844759,2026-04-19T08:26:23.103Z,2026-04-19T08:26:23.103Z
6818a6aa-06cf-4d45-824f-b26dc30ea3bf,FDA,K170767,,U.S. Food and Drug Administration,pending,2017-03-14,,FDA,K170767,2026-04-19T08:26:23.103Z,2026-04-19T08:26:23.103Z
517e165c-9862-4237-8926-e2a3fb6e49cb,FDA,K852694,,U.S. Food and Drug Administration,pending,1985-06-26,,FDA,K852694,2026-04-19T08:26:23.103Z,2026-04-19T08:26:23.103Z
bcdaf67e-c544-4007-bb33-8f8a4574ad64,FDA,K863664,,U.S. Food and Drug Administration,pending,1986-09-18,,FDA,K863664,2026-04-19T08:26:23.103Z,2026-04-19T08:26:23.103Z
c873c305-67b5-4e7d-b243-eb9cba74f017,FDA,K080257,,U.S. Food and Drug Administration,pending,2008-01-31,,FDA,K080257,2026-04-19T08:26:23.103Z,2026-04-19T08:26:23.103Z
60b5a3b9-e49a-4dcc-a790-0356a431b22e,FDA,K020753,,U.S. Food and Drug Administration,pending,2002-03-07,,FDA,K020753,2026-04-19T08:26:23.103Z,2026-04-19T08:26:23.103Z
82f895c1-1c50-48ab-8d93-9142d9de80c9,FDA,K992476,,U.S. Food and Drug Administration,pending,1999-07-26,,FDA,K992476,2026-04-19T08:26:23.103Z,2026-04-19T08:26:23.103Z
49426aca-f2fa-4bd2-be99-c1365534ad69,FDA,K201274,,U.S. Food and Drug Administration,pending,2020-05-12,,FDA,K201274,2026-04-19T08:26:23.103Z,2026-04-19T08:26:23.103Z
1be3a449-eb1f-48d8-afc2-6c2b340dadf3,FDA,K890253,,U.S. Food and Drug Administration,pending,1989-01-18,,FDA,K890253,2026-04-19T08:26:23.103Z,2026-04-19T08:26:23.103Z
de7886b4-280a-4286-8034-f295b959ca93,FDA,K103840,,U.S. Food and Drug Administration,pending,2010-12-10,,FDA,K103840,2026-04-19T08:26:23.103Z,2026-04-19T08:26:23.103Z
ebac26bb-df35-49b8-b053-4639181bdf7f,FDA,K874086,,U.S. Food and Drug Administration,pending,1987-10-07,,FDA,K874086,2026-04-19T08:26:23.103Z,2026-04-19T08:26:23.103Z
0fa6312d-e72a-4630-a42d-3f0f535a9ec4,FDA,K940552,,U.S. Food and Drug Administration,pending,1994-02-07,,FDA,K940552,2026-04-19T08:26:23.103Z,2026-04-19T08:26:23.103Z
dd251303-5086-42b8-a959-93437694db10,FDA,K043153,,U.S. Food and Drug Administration,pending,2004-11-15,,FDA,K043153,2026-04-19T08:26:23.103Z,2026-04-19T08:26:23.103Z
98ae161e-9817-443a-a0b8-513ef238566c,FDA,K162193,,U.S. Food and Drug Administration,pending,2016-08-04,,FDA,K162193,2026-04-19T08:26:23.103Z,2026-04-19T08:26:23.103Z
2cbe5e54-3e86-4306-93bc-b9b92d9fa0fa,FDA,K173258,,U.S. Food and Drug Administration,pending,2017-10-10,,FDA,K173258,2026-04-19T08:26:23.103Z,2026-04-19T08:26:23.103Z
cc509e5a-576f-43f6-b725-d19ad7015102,FDA,K990089,,U.S. Food and Drug Administration,pending,1999-01-11,,FDA,K990089,2026-04-19T08:26:23.103Z,2026-04-19T08:26:23.103Z
b3c538c3-aea1-431d-8167-53ea91562a0a,FDA,K920621,,U.S. Food and Drug Administration,pending,1992-02-11,,FDA,K920621,2026-04-19T08:26:23.103Z,2026-04-19T08:26:23.103Z
750336ea-195c-441c-a46e-2c5077df16d0,FDA,K962163,,U.S. Food and Drug Administration,pending,1996-06-04,,FDA,K962163,2026-04-19T08:26:23.103Z,2026-04-19T08:26:23.103Z
3704d39d-9c0f-4a04-8cc0-ba3b4d0218be,FDA,K925905,,U.S. Food and Drug Administration,pending,1992-11-18,,FDA,K925905,2026-04-19T08:26:23.103Z,2026-04-19T08:26:23.103Z
a9dba5bf-6a32-4d58-9a20-caa5828c1140,FDA,K031523,,U.S. Food and Drug Administration,pending,2003-05-15,,FDA,K031523,2026-04-19T08:26:23.103Z,2026-04-19T08:26:23.103Z
f9690f51-dd99-40ca-94c0-52de167c19f5,FDA,K862010,,U.S. Food and Drug Administration,pending,1986-05-28,,FDA,K862010,2026-04-19T08:26:23.103Z,2026-04-19T08:26:23.103Z
dd3cd5c8-e32b-4cb4-865b-f4382da2716e,FDA,K151177,,U.S. Food and Drug Administration,pending,2015-05-01,,FDA,K151177,2026-04-19T08:26:23.103Z,2026-04-19T08:26:23.103Z
7e902a1e-0aa8-402f-a1fa-fd471a8a54c0,FDA,K810337,,U.S. Food and Drug Administration,pending,1981-02-09,,FDA,K810337,2026-04-19T08:26:23.103Z,2026-04-19T08:26:23.103Z
13ded08e-a4cc-4184-ad92-e949a1ed2bd7,HealthCanada,MDL-CA-001,CSA Z94.4.1,Health Canada,active,,,HealthCanada,CA-001,2026-04-19T08:26:23.103Z,2026-04-19T08:26:23.103Z
e4c2f2da-f04a-4083-82db-dc598391bd81,HealthCanada,MDL-CA-002,CSA Z94.4.1,Health Canada,active,,,HealthCanada,CA-002,2026-04-19T08:26:23.103Z,2026-04-19T08:26:23.103Z
794dd3f5-2384-4d95-9fb2-2bbc18e46f98,HealthCanada,MDL-CA-003,CSA Z94.4.1,Health Canada,active,,,HealthCanada,CA-003,2026-04-19T08:26:23.103Z,2026-04-19T08:26:23.103Z
1881cb53-69fb-47e5-a1e0-807c182cc17d,NMPA,国械注准CN-001,GB 19083,国家药品监督管理局,active,,,NMPA,CN-001,2026-04-19T08:26:23.103Z,2026-04-19T08:26:23.103Z
f1cc40ad-9ec2-4edc-963f-1475f82f1552,NMPA,国械注准CN-002,GB 19083,国家药品监督管理局,active,,,NMPA,CN-002,2026-04-19T08:26:23.103Z,2026-04-19T08:26:23.103Z
519607d4-c5cd-4a41-b7a2-76e30c98e119,NMPA,国械注准CN-003,GB 19083,国家药品监督管理局,active,,,NMPA,CN-003,2026-04-19T08:26:23.103Z,2026-04-19T08:26:23.103Z
c9e31d96-2d03-4c2f-9bf0-81ca0773a975,NMPA,国械注准CN-004,GB 24539,国家药品监督管理局,active,,,NMPA,CN-004,2026-04-19T08:26:23.103Z,2026-04-19T08:26:23.103Z
4df4f9df-25d0-44b4-90f6-92894b29bb99,NMPA,国械注准CN-005,GB 24539,国家药品监督管理局,active,,,NMPA,CN-005,2026-04-19T08:26:23.103Z,2026-04-19T08:26:23.103Z
3daef000-544b-4e99-8b34-d377188b9899,PMDA,PMDA-JP-001,JIS T 8151,Pharmaceuticals and Medical Devices Agency,active,,,PMDA,JP-001,2026-04-19T08:26:23.103Z,2026-04-19T08:26:23.103Z
706b4b5d-020a-423b-9763-16c49f3e45b0,PMDA,PMDA-JP-002,JIS T 8151,Pharmaceuticals and Medical Devices Agency,active,,,PMDA,JP-002,2026-04-19T08:26:23.103Z,2026-04-19T08:26:23.103Z
aa70493c-1f01-46b9-817c-265f8d437ea5,PMDA,PMDA-JP-003,JIS T 8151,Pharmaceuticals and Medical Devices Agency,active,,,PMDA,JP-003,2026-04-19T08:26:23.103Z,2026-04-19T08:26:23.103Z
d614c337-a889-4131-adc4-405be5b2550c,TGA,ARTG-AU-001,AS/NZS 1716,Therapeutic Goods Administration,active,,,TGA,AU-001,2026-04-19T08:26:23.103Z,2026-04-19T08:26:23.103Z
466d575d-70c0-4169-ae5c-2777024d7209,TGA,ARTG-AU-002,AS/NZS 1716,Therapeutic Goods Administration,active,,,TGA,AU-002,2026-04-19T08:26:23.103Z,2026-04-19T08:26:23.103Z
